DATE,Guest,Party,State,Race,Gender,House,Senate,Admin.,Other Political,Journalist,Other,Fox,ABC,CBS,NBC,CNN,Univision,Description,
1/5/2014,Matt Salmon,Republican,Arizona,White,M,X,,,,,,,,,X,,,,
1/5/2014,John Dickerson,,,White,M,,,,,X,,,,,X,,,CBS Correspondent,
1/5/2014,Peggy Noonan,,,White,F,,,,,X,,,,,X,,,Wall Street Journal,
1/5/2014,David Ignatius,,,White,M,,,,,X,,,,,X,,,Washington Post,
1/5/2014,David Sanger,,,White,M,,,,,X,,,,,X,,,New York Times,
1/5/2014,Jim Schmitt,Independent,Wisconsin,White,M,,,,X,,,,X,,,,,,
1/5/2014,Rand Paul,Republican,Kentucky,White,M,,X,,,,,,X,,,,,,
1/5/2014,Chuck Schumer,Democrat,New York,White,M,,X,,,,,,X,,,,,,
1/5/2014,Bill Kristol,,,White,M,,,,,X,,,X,,,,,Editor of Weekly Standard,
1/5/2014,Cokie Roberts,,,White,F,,,,,X,,,X,,,,,ABC Correspondent,
1/5/2014,Ben Smith,,,White,M,,,,,X,,,X,,,,,E.I.C. Buzzfeed,
1/5/2014,Brian Schweitzer,Democrat,Montana,White,M,,,,X,,,,X,,,,,,
1/5/2014,Ana Navarro,Republican,,Other,F,,,,,X,,,X,,,,,CNN contributor and GOP strategist,
1/5/2014,Steven Ganyard,,,White,M,,,,,,X,,X,,,,,Gulf War Vet,
1/5/2014,Robert Harward,,,White,M,,,,,,X,,X,,,,,Former Navy SEAL,
1/5/2014,Ileana Ros-Lehtinen,Republican,Florida,White,F,X,,,,,,,,,,,X,,
1/12/2014,Martin O'Malley,Democrat,Maryland,White,M,,,,X,,,,,,,X,,,
1/12/2014,John McCain,Republican,Arizona,White,M,,X,,,,,,,,,X,,,
1/12/2014,Sean Spicer,Republican,,White,M,,,,X,,,,,,,X,,RNC Communications Director,
1/12/2014,Mo Elleithee,Democrat,,Other,M,,,,X,,,,,,,X,,DNC Communications Director,
1/12/2014,Karen Tumulty,,,White,F,,,,,X,,,,,,X,,Washington Post,
1/12/2014,Bob Woodward,,,White,M,,,,,X,,X,,,,,,,
1/12/2014,Karl Rove,Republican,Texas,White,M,,,,X,,,X,,,,,,,
1/12/2014,Juan Williams,,,Other,M,,,,,X,,X,,,,,,Fox Correspondent,
1/12/2014,Steve Southerland,Republican,Florida,White,M,X,,,,,,X,,,,,,,
1/12/2014,Chris Van Hollen,Democrat,Maryland,White,M,X,,,,,,X,,,,,,,
1/12/2014,Jim Inhofe,Republican,Oklahoma,White,M,,X,,,,,X,,,,,,,
1/12/2014,Ben Cardin,Democrat,Maryland,White,M,,X,,,,,X,,,,,,,
1/12/2014,Reince Preibus,Republican,,White,M,,,,X,,,,,X,,,,RNC Chairman,
1/12/2014,Mark Halperin,,,White,M,,,,,X,,,,X,,,,TIME Magazine,
1/12/2014,Chuck Todd,,,White,M,,,,,X,,,,X,,,,MSNBC Correspondent,
1/12/2014,Stephanie Rawlings-Blake,Democrat,Maryland,Other,F,,,,X,,,,,X,,,,Mayor of Baltimore,
1/12/2014,Kim Strassel,,,White,F,,,,,X,,,,X,,,,Wall Street Journal,
1/12/2014,Maria Shriver,,California,White,F,,,,,X,,,,X,,,,,
1/12/2014,Rick Santorum,Republican,Pennsylvania,White,M,,X,,,,,,,X,,,,,
1/12/2014,Jeffery Goldberg,,,White,M,,,,,X,,,,X,,,,The Atlantic/Bloomberg,
1/12/2014,Chris Matthews,,,White,M,,,,,X,,,,X,,,,MSNBC Hardball,
1/12/2014,Jane Harman,Democrat,California,White,F,X,,,,,,,,X,,,,,
1/12/2014,Harry Smith,,,White,M,,,,,X,,,,X,,,,NBC Correspondent,
1/12/2014,Marco Rubio,Republican,Florida,Other (?),M,,X,,,,,,,,X,,,,
1/12/2014,John Wisniewski,Democrat,New Jersey,White,M,,,,X,,,,,,X,,,NJ Assemblyman for Bridge scandal,
1/12/2014,Elijah Cummings,Democrat,Maryland,Other,M,X,,,,,,,,,X,,,,
1/12/2014,Rana Foroohar,,,Other,F,,,,,X,,,,,X,,,TIME Magazine,
1/12/2014,Michael Gerson,,,White,M,,,,,X,,,,,X,,,Washington Post,
1/12/2014,John Harris,,,White,M,,,,,X,,,,,X,,,POLITICO,
1/12/2014,Gerald Seib,,,White,M,,,,,X,,,,,X,,,Wall Street Journal,
1/12/2014,Donna Brazile,Democrat,,Other,F,,,,X,,,,X,,,,,,
1/12/2014,Judy Smith,,,Other,F,,,,,,X,,X,,,,,"Crisis Management/inspriration for show ""Scandal""",
1/12/2014,Rudy Giuliani,Republican,New York,White,M,,,,X,,,,X,,,,,,
1/12/2014,Matthew Dowd,Republican,,White,M,,,,,,X,,X,,,,,Strategist to Bush/Cheney 04 campaign,
1/12/2014,David Plouffe,Democrat,,White,M,,,,,,X,,X,,,,,Campaign mng Obama 08,
1/12/2014,Adam Kizinger,Republican,Illinois,White,M,X,,,,,,,X,,,,,,
1/12/2014,Henry Cisneros,Democrat,Texas,Other,M,,,X,,,,,,,,,X,Fmr. HUD Secretary,
1/12/2014,Eliseo Medina,,,Other,M,,,,,,X,,,,,,X,labor union/immigration activist,
1/12/2014,Juan Jose Gutierrez,,,Other,M,,,,,,X,,,,,,X,Pro immigration activist,
1/19/2014,Mike Rogers,Republican,Michigan,White,M,X,,,,,,,,,,X,,,
1/19/2014,Angus King,Independent,Maine,White,M,,X,,,,,,,,,X,,,
1/19/2014,Donna Brazile,Democrat,,Other,F,,,,X,,,,,,,X,,,
1/19/2014,Kristen Soltis-Anderson,Republican,,White,F,,,,,,X,,,,,X,,Republican Pollster,
1/19/2014,Michael Crowley,,,White,M,,,,,X,,,,,,X,,TIME Magazine,
1/19/2014,Michael Hayden,,,White,M,,,X,,,,X,,,,,,Fmr. head of NSA,
1/19/2014,Patrick Leahy,Democrat,Virginia,White,M,,X,,,,,X,,,,,,,
1/19/2014,David Kennedy,,,White,M,,,,,,X,X,,,,,,Cyber security expert,
1/19/2014,Brit Hume,,,White,M,,,,,X,,X,,,,,,Fox correspondent,
1/19/2014,Robert Costa,,,White,M,,,,,X,,X,,,,,,Washington Post,
1/19/2014,Kimberly Strassel,,,White,F,,,,,X,,X,,,,,,Wall Street Journal,
1/19/2014,Juan Williams,,,Other,M,,,,,X,,X,,,,,,Fox correspondent,
1/19/2014,Dianne Feinstein,Democrat,California,White,F,,X,,,,,,,X,,,,,
1/19/2014,Mike Rogers,Republican,Michigan,White,M,X,,,,,,,,X,,,,,
1/19/2014,Alexis Ohanian,,,White,M,,,,,,X,,,X,,,,Founder of reddit,
1/19/2014,John Wisniewski,Democrat,New Jersey,White,M,,,,X,,,,,X,,,,NJ assemblyman with bridge scandal,
1/19/2014,Rudy Giuliani,Republican,New York,White,M,,,,X,,,,,X,,,,,
1/19/2014,Robert Gates,Republican,,White,M,,,X,,,,,,X,,,,Fmr. Sec of Defense,
1/19/2014,Newt Gingrich,Republican,Georgia,White,M,X,,,,,,,,X,,,,,
1/19/2014,Andrea Mitchell,,,White,F,,,,,X,,,,X,,,,NBC foreign affairs correspondent,
1/19/2014,Harold Ford,Democrat,Tennessee,Other,M,,,,,,X,,,X,,,,,
1/19/2014,Nia-Malika Henderson,,,Other,F,,,,,X,,,,X,,,,Washington Post,
1/19/2014,Mike Rogers,Republican,Michigan,White,M,X,,,,,,,,,X,,,,
1/19/2014,Mark Udall,Democrat,Colorado,White,M,,X,,,,,,,,X,,,,
1/19/2014,Tom Donilon,,,White,M,,,,X,,,,,,X,,,Fmr. National Security advisor for Obama,
1/19/2014,Michael Morell,,,White,M,,,X,,,,,,,X,,,Fmr. CIA Director,
1/19/2014,David Sanger,,,White,M,,,,,X,,,,,X,,,New York Times,
1/19/2014,Christi Parsons,,,White,F,,,,,X,,,,,X,,,LA Times,
1/19/2014,Ruth Marcus,,,White,F,,,,,X,,,,,X,,,Washinton Post,
1/19/2014,Brian Ross,,,White,M,,,,,X,,,X,,,,,ABC Correspondent,
1/19/2014,Vladamir Putin,,Russia,White,M,,,,X,,,,X,,,,,,
1/19/2014,Steven Lee Myers,,,White,M,,,,,X,,,X,,,,,New York Times,
1/19/2014,Michael McCaul,Republican,Texas,White,M,X,,,,,,,X,,,,,,
1/19/2014,David Remnick,,,White,M,,,,,X,,,X,,,,,The New Yorker,
1/19/2014,Peggy Noonan,,,White,F,,,,,X,,,X,,,,,Wall Street Journal,
1/19/2014,Travis Smiley,,,Other,M,,,,,,X,,X,,,,,Travis Smiley Show,
1/19/2014,Mario Diaz-Balart,Republican,Florida,Other,M,X,,,,,,,,,,,X,,
1/19/2014,Erika Andiola,,,Other,F,,,,,,X,,,,,,X,Pro immigration activist,
1/19/2014,Sandra Babcock,,,White,F,,,,,,X,,,,,,X,Lawyer of Edgar Tamayo,
1/26/2014,Sergey Ivanovich Kislyak,,,White,M,,,,X,,,,,,,X,,Russian ambassador to US,
1/26/2014,Dan Pfeiffer,Democrat,,White,M,,,X,,,,,,,,X,,White House senior advisor,
1/26/2014,Steny Hoyer,Democrat,Maryland,White,M,X,,,,,,,,,,X,,,
1/26/2014,Tom Cole,Republican,Oklahoma,White,M,X,,,,,,,,,,X,,,
1/26/2014,Rand Paul,Republican,Kentucky,White,M,,X,,,,,,,,,X,,,
1/26/2014,Dan Pfeiffer,Democrat,,White,M,,,X,,,,X,,,,,,White House senior advisor,
1/26/2014,Mitch McConnell,Republican,Kentucky,White,M,,X,,,,,X,,,,,,,
1/26/2014,Brit Hume,,,White,M,,,,,X,,X,,,,,,Fox Correspondent,
1/26/2014,Julie Pace,,,White,F,,,,,X,,X,,,,,,AP,
1/26/2014,George Will,,,White,M,,,,,X,,X,,,,,,Fox Correspondent,
1/26/2014,Evan Bayh,Democrat,Indiana,White,M,,X,,,,,X,,,,,,,
1/26/2014,Rand Paul,Republican,Kentucky,White,M,,X,,,,,,,X,,,,,
1/26/2014,Dick Durbin,Democrat,Illinois,White,M,,X,,,,,,,X,,,,,
1/26/2014,Michael Chertoff,,,Other (?),M,,,X,,,,,,X,,,,Fmr. Homeland Security Secretary,
1/26/2014,Jesselyn Radack,,,White,F,,,,,,X,,,X,,,,National Security and Human Rights Director of Gov. Accountability Project,
1/26/2014,Carolyn Ryan,,,White,F,,,,,X,,,,X,,,,New York Times,
1/26/2014,Michael Powell,Republican,,Other,M,,,X,,,,,,X,,,,Fmr. FCC chairman,
1/26/2014,Mike Murphy,Republican,,White,M,,,,,,X,,,X,,,,GOP Strategist,
1/26/2014,Loretta Sanchez,Democrat,California,Other,F,X,,,,,,,,X,,,,,
1/26/2014,Chuck Todd,,,White,M,,,,,X,,,,X,,,,NBC correspondent,
1/26/2014,Ted Cruz,Republican,Texas,White,M,,X,,,,,,,,X,,,,
1/26/2014,Chuck Schumer,Democrat,New York,White,M,,X,,,,,,,,X,,,,
1/26/2014,Michael McCaul,Republican,Texas,White,M,X,,,,,,,,,X,,,,
1/26/2014,Jay Carney,Democrat,,White,M,,,X,,,,,X,,,,,White House Press Sec.,
1/26/2014,Rick Santorum,Republican,Pennsylvania,White,M,,X,,,,,,X,,,,,,
1/26/2014,Greta Van Susteren,,,White,F,,,,,X,,,X,,,,,Fox correspondent,
1/26/2014,Bill Gates,,,White,M,,,,,,X,,,,,,X,,
1/26/2014,Luis Videgaray,,,Other,M,,,,,,X,,,,,,X,Sec. of Finance in Mexico,
1/26/2014,Norman Quijano,,,Other,M,,,,,,X,,,,,,X,Presidential candidate for El Salvador,
1/26/2014,Jay Carney,Democrat,,White,M,,,X,,,,,,,,,X,White House Press Sec.,
2/2/2014,Barack Obama**,Democrat,Illinois,Other,M,,,,X,,,,,,,X,,,
2/2/2014,Bobby Jindal,Republican,Louisiana,Other,M,,,X,,,,,,,,X,,,
2/2/2014,Artur Davis,Republican,Alabama,Other,M,X,,,,,,,,,,X,,,
2/2/2014,Ron Brownstein,,,White,M,,,,,X,,,,,,X,,CNN Senior Political Analyst,
2/2/2014,Anita Dunn,Democrat,,White,F,,,X,,,,,,,,X,,fmr. White House Communications Director,
2/2/2014,Robert Goodell,,,White,M,,,,,,X,X,,,,,,NFL Commissioner,
2/2/2014,John Elway,,,White,M,,,,,,X,X,,,,,,Fomer NFL quarterback,
2/2/2014,Archie Manning,,,White,M,,,,,,X,X,,,,,,Peyton Manning's father/Fmr. NFL QB,
2/2/2014,Howie Long,,,White,M,,,,,,X,X,,,,,,FOX NFL correspondent,
2/2/2014,Michael Strahan,,,Other,M,,,,,,X,X,,,,,,FOX NFL correspondent,
2/2/2014,Jimmy Johnson,,,White,M,,,,,,X,X,,,,,,FOX NFL correspondent,
2/2/2014,Denis McDonough,Democrat,,White,M,,,X,,,,,,X,,,,White house Cheif of Staff,
2/2/2014,Tim Scott,Republican,South Carolina,Other,M,,X,,,,,,,X,,,,,
2/2/2014,Julian Assange,,,White,M,,,,,,X,,,X,,,,Founder of WikiLeaks,
2/2/2014,Rich Lowry,,,White,M,,,,,X,,,,X,,,,Editor of National Review,
2/2/2014,Robert Gibbs,,,White,M,,,X,,,,,,X,,,,Fmr White House Press Sec.,
2/2/2014,Gwen Ifill,,,Other,F,,,,,X,,,,X,,,,Managing editor of Washington Week,
2/2/2014,Doris Kearns Goodwin,,,White,F,,,,,,X,,,X,,,,Presidential Historian,
2/2/2014,Alan Schwarz,,,White,M,,,,,X,,,,X,,,,New York Times,
2/2/2014,Tony Dungy,,,Other,M,,,,,,X,,,X,,,,NBC Sports Analyst,
2/2/2014,Eric Cantor,Republican,Virginia,White,M,X,,,,,,,,,X,,,,
2/2/2014,Denis McDonough,Democrat,,White,M,,,X,,,,,,,X,,,White House Cheif of Staff,
2/2/2014,Rudy Giuliani,Republican,New York,White,M,,,,X,,,,,,X,,,,
2/2/2014,Paul Ryan,Republican,Wisconsin,White,M,X,,,,,,,X,,,,,,
2/2/2014,Donna Brazile,Democrat,,Other,F,,,,X,,,,X,,,,,,
2/2/2014,Matthew Dowd,,,White,M,,,,,X,,,X,,,,,ABC political analyst,
2/2/2014,Bill Kristol,,,White,M,,,,,X,,,X,,,,,Weekly Standard editor,
2/2/2014,Paul Krugman,,,White,M,,,,,X,,,X,,,,,New York Times,
2/2/2014,Ana Navarro,Republican,,Other,F,,,,,,X,,X,,,,,Republican Strategist and ABC contributor,
2/2/2014,Ileana Ros-Lehtinen,Republican,Florida,White,F,X,,,,,,,,,,,X,,
2/2/2014,Sergio Garcia,,,Other,M,,,,,,X,,,,,,X,Immigrant turned U.S. lawyer,
2/2/2014,Richardo Marinelli,,,Other,M,,,,X,,,,,,,,X,President of Panama,
2/2/2014,Wendy Davis,Democrat,Texas,White,F,,,,X,,,,,,,,X,,
2/9/2014,Janet Napolitano,Democrat,California,Other,F,,,X,,,,,,X,,,,U.S. Delegation to Russia and fmr. Sec of Homeland Security,
2/9/2014,John Negroponte,Republican,,White,M,,,X,,,,,,,,X,,Fmr. Director of National Intellegence,
2/9/2014,Nicholas Burns,,,White,M,,,,X,,,,,,,X,,Diplomat,
2/9/2014,Dimitri Simes,,,White,M,,,,,,X,,,,,X,,Russian Expert,
2/9/2014,A.B. Stoddard,,,White,F,,,,,X,,,,,,X,,Associate Editor of the Hill,
2/9/2014,Roy Blunt,Republican,Missouri,White,M,,X,,,,,X,,,,,,,
2/9/2014,Ben Cardin,Democrat,Maryland,White,M,X,,,,,,X,,,,,,,
2/9/2014,Michael McCaul,Republican,Texas,White,M,X,,,,,,X,,,,,,,
2/9/2014,Adam Schiff,Democrat,California,White,M,X,,,,,,X,,,,,,,
2/9/2014,Julie Pace,,,White,F,,,,,X,,X,,,,,,Associated Press,
2/9/2014,Laura Ingraham,,,White,F,,,,,X,,X,,,,,,Political commentator,
2/9/2014,George Will,,,White,M,,,,,X,,X,,,,,,Fox Correspondent,
2/9/2014,Juan Williams,,,Other,M,,,,,X,,X,,,,,,Fox Correspondent,
2/9/2014,David Brooks,,,White,M,,,,,X,,,,X,,,,New York Times,
2/9/2014,E.J. Dionne,,,White,M,,,,,,,,,X,,,,Washington Post,
2/9/2014,Andrea Mitchell,,,White,F,,,,,X,,,,X,,,,NBC cheif foreign affairs correspondent,
2/9/2014,Michael Needham,Democrat,Pennsylvania,White,M,,,,,,X,,,X,,,,CEO of Heritage Action for America,
2/9/2014,Mona Sutphen,Democrat,,Other,F,,,X,,,,,,X,,,,Frmr. White House Deputy Chief of Stff,
2/9/2014,Michael McFaul,,,White,M,,,,X,,,,,X,,,,U.S. Ambassodor to Russia,
2/9/2014,Amie Parnes,,,White,F,,,,,X,,,,X,,,,The Hill,
2/9/2014,Jonathan Allen,,,White,M,,,,,X,,,,X,,,,Bloomberg,
2/9/2014,Chuck Schumer,Democrat,New York,White,M,,X,,,,,,,X,,,,,
2/9/2014,Robert Portman,Republican,Ohio,White,M,,X,,,,,,,X,,,,,
2/9/2014,Peter King,Republican,New York,White,M,X,,,,,,,,,X,,,,
2/9/2014,Richard Durbin,Democrat,Illinois,White,M,,X,,,,,,,,X,,,,
2/9/2014,Kelly Ayotte,Republican,New Hampshire,White,F,,X,,,,,,,,X,,,,
2/9/2014,Mark Phillips,,,White,M,,,,,X,,,,,X,,,CBS Correspondent,
2/9/2014,Jeffery Goldberg,,,White,M,,,,,X,,,,,X,,,The Atlantic,
2/9/2014,Mark Mazzetti,,,White,M,,,,,X,,,,,X,,,New York Times,
2/9/2014,Margaret Brennan,,,White,F,,,,,X,,,,,X,,,CBS State Dept. Correspondent,
2/9/2014,John Dickerson,,,White,M,,,,,X,,,,,X,,,CBS political director,
2/9/2014,Mike Rogers,Republican,Michigan,White,M,X,,,,,,,X,,,,,,
2/9/2014,Tom Cole,Republican,Oklahoma,White,M,X,,,,,,,X,,,,,,
2/9/2014,Keith Ellison,Democrat,Minnesota,Other,M,X,,,,,,,X,,,,,,
2/9/2014,S.E. Cupp,,,White,F,,,,,X,,,X,,,,,CNN Crossfire co host,
2/9/2014,David Plouffe,Democrat,,White,M,,,X,,,,,X,,,,,Fmr. White House senior advisor,
2/9/2014,Jeff Zeleny,,,White,M,,,,,X,,,X,,,,,ABC Sen. Washington Correspondent,
2/9/2014,Raul Labrador,Republican,Idaho,Other,M,X,,,,,,,,,,,X,,
2/9/2014,Ruben Aguilar,,,Other,M,,,,,,X,,,,,,X,"Journalist, former guerilla and press sec for Mexican President Vicente Fox",
2/9/2014,Lourdes Del Rio,,,Other,F,,,,,X,,,,,,,X,Univision anchor,
2/9/2014,Xavier Becerra,Democrat,California,Other,M,X,,,,,,,,,,,X,,
2/16/2014,John McCain,Republican,Arizona,White,M,,X,,,,,,,,,X,,,
2/16/2014,Steve Forbes,Republican,,White,M,,,,,,X,,,,,X,,,
2/16/2014,Austan Goolsbee,,,White,M,,,,,,X,,,,,X,,Former Chairman of the Council of Economic Advisers,
2/16/2014,Kevin Madden,Republican,,White,M,,,,,,X,,,,,X,,CNN Political Commentator,
2/16/2014,Corey Dade,,,Other,M,,,,,X,,,,,,X,,The Root,
2/16/2014,Margie Omero,Democrat,,White,F,,,,,,X,,,,,X,,Democratic pollster,
2/16/2014,Ted Strickland,Democrat,Ohio,White,M,,,,X,,,X,,,,,,Former Gov. Ohio,
2/16/2014,Karl Rove,Republican,,White,M,,,,X,,,X,,,,,,,
2/16/2014,Mike Lee,Republican,Utah,White,M,,X,,,,,X,,,,,,,
2/16/2014,Bill Nye,,,White,M,,,,,,X,,,X,,,,,
2/16/2014,Marsha Blackburn,Republican,Tennessee,White,F,X,,,,,,,,X,,,,,
2/16/2014,Mitt Romney,Republican,Massachusetts,White,M,,,,X,,,,,X,,,,,
2/16/2014,Chuck Todd,,,White,M,,,,,X,,,,X,,,,,
2/16/2014,Julie Pace,,,White,F,,,,,X,,,,X,,,,Associated Press,
2/16/2014,David Axelrod,Democrat,,White,M,,,,,,X,,,X,,,,Political advisor for Bill Clinton and Obama,
2/16/2014,Nicole Wallace,Republican,,White,F,,,,,X,,,,X,,,,Former Comm director for Bush,
2/16/2014,Pat McCrory,Republican,North Carolina,White,M,,,,X,,,,,,X,,,,
2/16/2014,Marshall Shepherd,,,Other,M,,,,,,X,,,,X,,,Former president of the American Meteorogical Society,
2/16/2014,Howard Bragman,,,White,M,,,,,,X,,,,X,,,Michael Sam's spokesman,
2/16/2014,Cyd Zeigler,,,White,M,,,,,X,,,,,X,,,OutSports.com,
2/16/2014,Jarrett Bell,,,Other,M,,,,,X,,,,,X,,,USA TODAY Sports,
2/16/2014,Donte Stallworth,,,Other,M,,,,,,X,,,,X,,,NFL wide reciever,
2/16/2014,Jim DeMint,,,White,M,,,,,,X,,,,X,,,president of Heritage Foundation,
2/16/2014,Neera Tanden,,,Other,F,,,,,,X,,,,X,,,Center for American Progress,
2/16/2014,Bob Woodward,,,White,M,,,,,X,,,,,X,,,Washington Post,
2/16/2014,Jennifer Rubin,,,White,F,,,,,X,,,,,X,,,Washington Post,
2/16/2014,David Sanger,,,White,M,,,,,X,,,,,X,,,New York TImes,
2/16/2014,John Harris,,,White,M,,,,,X,,,,,X,,,Politico,
2/16/2014,Pat McCrory,Republican,North Carolina,White,M,,,,X,,,,X,,,,,,
2/16/2014,Eric Garcetti,Democrat,California,White,M,,,,X,,,,X,,,,,LA Gov.,
2/16/2014,Heidi Cullen,,,White,F,,,,,,X,,X,,,,,Climate Central chief climatologist,
2/16/2014,Ginger Zee,,,White,F,,,,,X,,,X,,,,,ABC Senior Meteorologist,
2/16/2014,Rebecca Jarvis,,,White,F,,,,,X,,,X,,,,,ABC Business and economics correspondent,
2/16/2014,Chris Kluwe,,,White,M,,,,,,X,,X,,,,,Former Minnesota Vikings punter,
2/16/2014,Pete Thamel,,,White,M,,,,,X,,,X,,,,,Sports illustrated,
2/16/2014,Cyd Zeigler,,,White,M,,,,,X,,,X,,,,,Outsports.com,
2/16/2014,Kevin Spacey,,,White,M,,,,,,X,,X,,,,,,
2/16/2014,Jonathan Karl,,,White,M,,,,,X,,,X,,,,,ABC white house correspondent,
2/16/2014,Alicia Menendez,,,Other,F,,,,,X,,,X,,,,,"Fusion's ""AM Tonight"" host",
2/16/2014,Peggy Noonan,,,White,F,,,,,X,,,X,,,,,Wall Street Journal,
2/16/2014,Katrina vanden Heuvel,,,White,F,,,,,X,,,X,,,,,The Nation and Washington Post,
2/23/2014,Mike Pence,Republican,Indiana,White,M,,,,X,,,,,,,X,,,
2/23/2014,Dan Malloy,Democrat,Connecticut,White,M,,,,X,,,,,,,X,,,
2/23/2014,Rick Perry,Republican,Texas,White,M,,,,X,,,,,,,X,,,
2/23/2014,Jay Nixon,Democrat,Missouri,White,M,,,,X,,,,,,,X,,,
2/23/2014,Robert Costa,,,White,M,,,,,X,,,,,,X,,Washington Post,
2/23/2014,Penny Lee,Democrat,,White,F,,,,,,X,,,,,X,,Democratic strategist,
2/23/2014,Ramesh Ponnuru,,,Other,M,,,,,X,,,,,,X,,National Review,
2/23/2014,Joe Morton,,,Other,M,,,,,,X,,,,,X,,Actor from Scandal,
2/23/2014,Dick Durbin,Democrat,Illinois,White,M,,X,,,,,X,,,,,,,
2/23/2014,Kelly Ayotte,Republican,New Hampshire,White,F,,X,,,,,X,,,,,,,
2/23/2014,Scott Walker,Republican,Wisconsin,White,M,,,,X,,,X,,,,,,,
2/23/2014,Peter Shumlin,Democrat,Vermont,White,M,,,,X,,,X,,,,,,,
2/23/2014,Susan Rice,Democrat,,Other,F,,,X,,,,,,X,,,,,
2/23/2014,David Brooks,,,White,M,,,,,X,,,,X,,,,New York Times,
2/23/2014,Helene Cooper,,,Other,F,,,,,X,,,,X,,,,New York Times,
2/23/2014,Judy Woodruff,,,White,F,,,,,X,,,,X,,,,PBS NewsHour,
2/23/2014,Chris Matthews,,,White,M,,,,,X,,,,X,,,,Hardball,
2/23/2014,John McCain,Republican,Arizona,White,M,X,,,,,,,,,X,,,,
2/23/2014,Margaret Brennan,,,White,F,,,,,X,,,,,X,,,CBS State Dept. Correspondent,
2/23/2014,Bobby Ghosh,,,Other,M,,,,,X,,,,,X,,,TIME Magazine,
2/23/2014,Martin O'Malley,Democrat,Maryland,White,M,,,,X,,,,,,X,,,,
2/23/2014,Bobby Jindal,Republican,Louisiana,Other,M,,,,X,,,,,,X,,,,
2/23/2014,Jonathan Martin,,,White,M,,,,,X,,,,,X,,,New York Times,
2/23/2014,Dan Balz,,,White,M,,,,,X,,,,,X,,,Washington Post,
2/23/2014,Amy Walter,,,White,F,,,,,X,,,,,X,,,Cook Political Report,
2/23/2014,John Dickerson,,,White,M,,,,,X,,,,,X,,,CBS,
2/23/2014,George W Bush,Republican,Texas,White,M,,,,X,,,,X,,,,,Exclusive interview,
2/23/2014,Jacob Wood,,,White,M,,,,,,X,,X,,,,,Co founder of Team Rubicon,
2/23/2014,Donna Brazile,Democrat,,Other,F,,,,X,,,,X,,,,,,
2/23/2014,Matthew Dowd,,,White,M,,,,,X,,,X,,,,,ABC Political Analyst,
2/23/2014,Tom Friedman,,,White,M,,,,,X,,,X,,,,,New York Times,
2/23/2014,Bill Kristol,,,White,M,,,,,X,,,X,,,,,ABC Weekly Standard,
2/23/2014,Jorge Castaneda,,,Other,M,,,,,,X,,,,,,X,Fmr. Mexican Foreign Minister,
2/23/2014,Luis Gutierrez,Democrat,Illinois,Other,M,X,,,,,,,,,,,X,,
2/23/2014,Mario Diaz-Balart,Republican,Florida,Other,M,X,,,,,,,,,,,X,,
2/23/2014,Juan Rivera,,,Other,M,,,,,,X,,,,,,X,Doctor,
3/2/2014,Yuriy Sergeyev,,,White,M,,,,X,,,,,,,X,,Ambassador,
3/2/2014,Tom Donilon,,,White,M,,,,X,,,,,,,X,,Obama's Former National Security Advisor,
3/2/2014,Dick Durbin,Democrat,Illinois,White,M,,X,,,,,,,,,X,,,
3/2/2014,Lindsey Graham,Republican,South Carolina,White,M,,X,,,,,,,,,X,,,
3/2/2014,Bill Burton,,,White,M,,,,,,X,,,,,X,,Former Obama insider,
3/2/2014,Ross Douthat,,,White,M,,,,,X,,,,,,X,,New York Times columnist,
3/2/2014,Amy Walter,,,White,F,,,,,X,,,,,,X,,Cook Political Report,
3/2/2014,John Beyrle,,,White,M,,,,X,,,,,,,X,,former U.S. Ambassordor to Russia,
3/2/2014,Mike Rogers,Republican,Michigan,White,M,X,,,,,,X,,,,,,,
3/2/2014,Darrell Issa,Republican,California,White,M,X,,,,,,X,,,,,,,
3/2/2014,Chris Van Hollen,Democrat,Maryland,White,M,X,,,,,,X,,,,,,,
3/2/2014,Rob Portman,Republican,Ohio,White,M,,X,,,,,X,,,,,,,
3/2/2014,John Kerry,Democrat,Massachusetts,White,M,,,X,,,,,,X,,,,,
3/2/2014,Marco Rubio,Florida,Republican,Other,M,,X,,,,,,,X,,,,,
3/2/2014,Jerry Brown,California,Democrat,White,M,,,,X,,,,,X,,,,,
3/2/2014,John Kerry,Democrat,Massachusetts,White,M,,,X,,,,,,,X,,,,
3/2/2014,Chuck Hagel,Republican,Nebraska,White,M,,,X,,,,,,,X,,,,
3/2/2014,David Ignatius,,,White,M,,,,,X,,,,,X,,,Washington Post,
3/2/2014,Major Garrett,,,White,M,,,,,X,,,,,X,,,,
3/2/2014,Danielle Pletka,,,White,F,,,,,,X,,,,X,,,VP foreign and defence policy studies at American Enterprise Intistute,
3/2/2014,Michael O'Hanlon,,,White,M,,,,,,X,,,,X,,,Senior fellow at Brookings,
3/2/2014,Elizabeth Palmer,,,White,F,,,,,X,,,,,X,,,,
3/2/2014,Charlie D'Agata,,,White,M,,,,,X,,,,,X,,,,
3/2/2014,David Martin,,,White,M,,,,,X,,,,,X,,,,
3/2/2014,John Kerry,Democrat,Massachusetts,White,M,,,X,,,,,X,,,,,,
3/2/2014,Van Jones,,,Other,M,,,,,,X,,X,,,,,environmental activist,
3/2/2014,Rich Lowry,,,White,M,,,,,X,,,X,,,,,National Review,
3/2/2014,Cokie Roberts,,,White,F,,,,,X,,,X,,,,,,
3/2/2014,Eduardo Verastegui,,,Other,M,,,,,,X,,,,,,X,Film maker,
3/2/2014,Lilian Tintori,,,White,F,,,,,,X,,,,,,X,,
3/2/2014,Enrique Pena Nieto,,Mexico,Other,M,,,,X,,,,,,,,X,Mexican politician,
3/9/2014,Tony Blinken,Democrat,,White,M,,,X,,,,,,,,X,,White House Deputy National Security Advisor,
3/9/2014,Charlie Crist,Democrat,Florida,White,M,,,,X,,,,,,,X,,former florida gov.,
3/9/2014,Donna Brazile,Democrat,,Other,F,,,,X,,,,,,,X,,,
3/9/2014,AB Stoddard,,,White,F,,,,,X,,,,,,X,,,
3/9/2014,Ben Ferguson,,,White,M,,,,,X,,,,,,X,,,
3/9/2014,Rand Paul,Republican,Kentucky,White,M,,X,,,,,X,,,,,,,
3/9/2014,Robert Gates,Republican,,White,M,,,,X,,,X,,,,,,,
3/9/2014,Tony Blinken,Democrat,,White,M,,,X,,,,,,X,,,,Former National Security Advisor,
3/9/2014,Peter King,Republican,New York,White,M,X,,,,,,,,X,,,,,
3/9/2014,Timothy Dolan,,New York,White,M,,,,,,X,,,X,,,,Archbishop of NY,
3/9/2014,Andrea Mitchell,,,White,F,,,,,X,,,,X,,,,,
3/9/2014,Ron Fournier,,,White,M,,,,,X,,,,X,,,,,
3/9/2014,Ralph Reed,,,White,M,,,,,,X,,,X,,,,,
3/9/2014,Karen Bass,Democrat,California,Other,F,X,,,,,,,,X,,,,,
3/9/2014,Bob Orr,,,White,M,,,,,X,,,,,X,,,,
3/9/2014,Seth Doane,,,White,M,,,,,X,,,,,X,,,,
3/9/2014,Dick Cheney,Republican,Wyoming,White,M,,,,X,,,,,,X,,,,
3/9/2014,Paul Ryan,Republican,Wisconsin,White,M,X,,,,,,,,,X,,,,
3/9/2014,Jim Jones,,,White,M,,,,,,X,,,,X,,,former NATO commander and former national security advisor to Obama,
3/9/2014,James Baker,Republican,,White,M,,,,X,,,,,,X,,,Former Sec of State,
3/9/2014,Margaret Brennan,,,White,F,,,,,X,,,,,X,,,,
3/9/2014,Jeffrey Goldberg,,,White,M,,,,,X,,,,,X,,,Bloomberg,
3/9/2014,Peter Baker,,,White,M,,,,,X,,,,,X,,,New York Times,
3/9/2014,Rich Lowry,,,White,M,,,,,X,,,,,X,,,National Review,
3/9/2014,Joaquin Castro,Democrat,Texas,Other,M,X,,,,,,,X,,,,,,
3/9/2014,Ana Navarro,Republican,,Other,F,,,,,X,,,X,,,,,,
3/9/2014,Peggy Noonan,,,White,F,,,,,X,,,X,,,,,Wall Street Journal,
3/9/2014,Jeff Zeleny,,,White,M,,,,,X,,,X,,,,,,
3/9/2014,Maria Antonieta Collins,,,Other,F,,,,,X,,,,,,,X,,
3/9/2014,Eduardo Medina-Mora,,Mexico,Other,M,,,,X,,,,,,,,X,Mexican Ambassodor to US,
3/9/2014,Bob Menendez,Democrat,New Jersey,White,M,,X,,,,,,,,,,X,,
3/16/2014,John Negroponte,Republican,,White,M,,,,X,,,,,,,X,,Former Director of National Intelligence,
3/16/2014,Colleen Keller,,,White,F,,,,,,X,,,,,X,,Helped find Air France Flight 447,
3/16/2014,Steven Wallace,,,White,M,,,,,,X,,,,,X,,investigated plane crashes for FAA,
3/16/2014,Richard Aboulafia,,,White,M,,,,,,X,,,,,X,,Expert on 777,
3/16/2014,Commander William Marks,,,White,M,,,,,,X,,,,,X,,Search and rescue mission for USS blue ridge,
3/16/2014,John McCain,Republican,Arizona,White,M,,X,,,,,,,,,X,,,
3/16/2014,Reince Priebus,Republican,,White,M,,,,X,,,,,,,X,,,
3/16/2014,Charles Blow,,,Other,M,,,,,X,,,,,,X,,,
3/16/2014,Ana Navarro,Republican,,Other,F,,,,,X,,,,,,X,,,
3/16/2014,Ron Brownstein,,,White,M,,,,,X,,,,,,X,,National journal,
3/16/2014,Michael McCaul,Republican,Texas,White,M,X,,,,,,X,,,,,,,
3/16/2014,Peter Goelz,,,White,M,,,,,,X,X,,,,,,national crisis communications expert,
3/16/2014,Robert Menendez,Democrat,New Jersey,Other,M,,X,,,,,X,,,,,,,
3/16/2014,Bob Corker,Republican,Tennessee,White,M,,X,,,,,X,,,,,,,
3/16/2014,Marcee Craighill,,,White,F,,,,,,X,X,,,,,,Director and Curator of Dept of State Diplomatic Reception Rooms,
3/16/2014,Dan Pfeiffer,Democrat,,White,M,,,X,,,,,,X,,,,,
3/16/2014,Jeff Flake,Republican,Arizona,White,M,,X,,,,,,,X,,,,,
3/16/2014,Dick Durbin,Democrat,Illinois,White,M,,X,,,,,,,X,,,,,
3/16/2014,Robert Gibbs,,,White,M,,,,,X,,,,X,,,,NBC political correspondant,
3/16/2014,Israel Ortega,,,Other,M,,,,,,X,,,X,,,,Heritage Foundation,
3/16/2014,Jon Ralston,,,White,M,,,,,X,,,,X,,,,Ralston Reports,
3/16/2014,Carolyn Ryan,,,White,F,,,,,X,,,,X,,,,NYT Washington Bureau cheif,
3/16/2014,Margaret Brennan,,,White,F,,,,,X,,,,,X,,,,
3/16/2014,Seth Doane,,,White,M,,,,,X,,,,,X,,,,
3/16/2014,Bob Orr,,,White,M,,,,,X,,,,,X,,,,
3/16/2014,Capt. Chelsey Sullenberger,,,White,M,,,,,,X,,,,X,,,retired airline captain,
3/16/2014,Mark Rosenker,,,White,M,,,,,,X,,,,X,,,aviation officer,
3/16/2014,Mike Rogers,Republican,Michigan,White,M,X,,,,,,,,,X,,,,
3/16/2014,Tom Donilon,,,White,M,,,X,,,,,,,X,,,National Security Advisor for obama admin,
3/16/2014,Elizabeth Palmer,,,White,M,,,,,X,,,,,X,,,,
3/16/2014,Charlie D'Agata,,,White,M,,,,,X,,,,,X,,,,
3/16/2014,Bobby Ghosh,,,Other,M,,,,,X,,,,,X,,,TIME Magazine,
3/16/2014,Anne Gearan,,,White,F,,,,,X,,,,,X,,,Washington Post,
3/16/2014,Michael Gerson,,,White,M,,,,,X,,,,,X,,,Washington Post,
3/16/2014,Matthew Dowd,,,White,M,,,,,,X,,X,,,,,,
3/16/2014,Michael Eric Dyson,,,Other,M,,,,,,X,,X,,,,,"professor, author and radio host",
3/16/2014,Bill Kristol,,,White,M,,,,,,X,,X,,,,,,
3/16/2014,Katrina vanden Heuvel,,,White,F,,,,,X,,,X,,,,,The Nation,
3/16/2014,Greta Van Susteren,,,White,F,,,,,X,,,X,,,,,Comentator for Fox News,
3/16/2014,Marco Rubio,Republican,Florida,Other,M,,X,,,,,,,,,,X,,
3/16/2014,Cecilia Munoz,Democrat,,Other,F,,,X,,,,,,,,,X,Director of White House Domestic Policy Council,
3/16/2014,Norman Quijano,,,Other,M,,,,,,X,,,,,,X,Salvadoran politician,
3/23/2014,Patrick Meehan,Republican,Pennsylvania,White,M,X,,,,,,,,,,X,,,
3/23/2014,Adam Schiff,Democrat,California,White,M,X,,,,,,,,,,X,,,
3/23/2014,Curt Newport,,,White,M,,,,,,X,,,,,X,,underwater search and rescue expert,
3/23/2014,Earl Johnson,,,White,M,,,,,,X,,,,,X,,"Reverend, national spiritual care manager for the Red Cross",
3/23/2014,Tony Blinken,Democrat,,White,M,,,,X,,,,,,,X,,White House deputy National Security Advisor,
3/23/2014,Madeline Albright,,,White,F,,,,X,`,,,,,,X,,Former Secretary of State,
3/23/2014,Newt Gingrich,Republican,Georgia,White,M,,,,X,,,,,,,X,,,
3/23/2014,Susan Page,,,White,F,,,,,X,,,,,,X,,,
3/23/2014,Neera Tanden,,,Other,F,,,,,,X,,,,,X,,President for Center on American Progress,
3/23/2014,Michael McCaul,Republican,Texas,White,M,X,,,,,,X,,,,,,,
3/23/2014,Alan Diehl,,,White,M,,,,,,X,X,,,,,,Cancer researcher,
3/23/2014,John Kasich,Republican,Ohio,White,M,,,,X,,,X,,,,,,,
3/23/2014,Laura Ingraham,,,White,F,,,,,X,,X,,,,,,Radio talk show host,
3/23/2014,Bob Woodward,,,White,M,,,,,X,,X,,,,,,Washington Post,
3/23/2014,Paul Wolfowitz,,,White,M,,,,,,X,X,,,,,,President of world bank,
3/23/2014,Juan Williams,,,Other,M,,,,,X,,X,,,,,,FOX political analyst,
3/23/2014,Bill Neely,,,White,M,,,,,X,,,,X,,,,NBC correspondent,
3/23/2014,Michael Chertoff,,,Other,M,,,,X,,,,,X,,,,second US Sec. of Homeland Security under Bush,
3/23/2014,Bob Hager,,,White,M,,,,,X,,,,X,,,,,
3/23/2014,Mike Rogers,Republican,Michigan,White,M,X,,,,,,,,X,,,,,
3/23/2014,David Brooks,,,White,M,,,,,X,,,,X,,,,New York Times,
3/23/2014,Andrea Mitchell,,,White,F,,,,,X,,,,X,,,,NBC news,
3/23/2014,Michael Nutter,Democrat,Pennsylvania,Other,M,,,,X,,,,,X,,,,Mayor of Philadelphia,
3/23/2014,Rich Lowry,,,White,M,,,,,X,,,,X,,,,editor of National Review,
3/23/2014,Arne Duncan,,,White,M,,,X,,,,,,X,,,,Secretary or Education,
3/23/2014,Mark Emmert,,,White,M,,,,,,X,,,X,,,,President of NCAA,
3/23/2014,Reggie Love,,,Other,M,,,,,,X,,,X,,,,"""Body man"" for Obama",
3/23/2014,Jimmy Carter,Democrat,,White,M,,,,X,,,,,X,,,,,
3/23/2014,"Chelsey ""Sully"" Sullenberger",,,White,M,,,,,,X,,,,X,,,Retired airline captain,
3/23/2014,David Gallo,,,White,M,,,,,,X,,,,X,,,led search for Air France 447,
3/23/2014,Mitt Romney,Republican,Massachusetts,White,M,,,,X,,,,,,X,,,,
3/23/2014,Dick Durbin,Democrat,Illinois,White,M,,X,,,,,,,,x,,,,
3/23/2014,Kelly Ayotte,Republican,New Hampshire,White,F,,X,,,,,,,,X,,,,
3/23/2014,Clarissa Ward,,,White,F,,,,,X,,,,,X,,,,
3/23/2014,David Sanger,,,White,M,,,,,X,,,,,X,,,New York Times,
3/23/2014,Leigh Gallagher,,,White,F,,,,,X,,,,,X,,,Fortune magazine,
3/23/2014,Tom Cole,Republican,Oklahoma,White,M,X,,,,,,,X,,,,,,
3/23/2014,Keith Ellison,Democrat (Democratic-Farmer-Labor party),Minnesota,Other,M,X,,,,,,,X,,,,,,
3/23/2014,Cokie Roberts,,,White,F,,,,,X,,,X,,,,,,
3/23/2014,Dan Senor,,,White,M,,,,,,X,,X,,,,,American writer and political advisor,
3/23/2014,Elvira Arellano,,,Other,F,,,,,,X,,,,,,X,Humanitarian,
3/23/2014,Maria Corina Machado,,,Other,F,,,,,,X,,,,,,X,Founder of Venezuelan volunteer program Sumate,
3/23/2014,Anabel Hernandez,,,Other,F,,,,,X,,,,,,,X,,
3/23/2014,Angelica Salas,,,Other,F,,,,,,X,,,,,,X,Coalition for Human Immigrants Rights in of Los Angeles,
3/30/2014,Dianne Feinstein,Democrat,California,White,F,,X,,,,,,,,,X,,,
3/30/2014,John Negroponte,Republican,,Other,M,,,,X,,,,,,,X,,former US Ambassador to the Philippines,
3/30/2014,Jay Inslee,Democrat,Washington,White,M,,,,X,,,,,,,X,,,
3/30/2014,Bill Burton,,,White,M,,,,,,X,,,,,X,,Political consultant,
3/30/2014,Kevin Madden,Republican,,White,M,,,,X,,,,,,,X,,Senior advisor to Mitt Romney 2012,
3/30/2014,Darlene Superville,,,Other,F,,,,,X,,,,,,X,,Associated Press,
3/30/2014,Mike Rogers,Republican,Michigan,White,M,X,,,,,,X,,,,,,,
3/30/2014,John Barrasso,Republican,Wyoming,White,M,,X,,,,,X,,,,,,,
3/30/2014,Angus King,Independent,Maine,White,M,,X,,,,,X,,,,,,,
3/30/2014,Ron Fournier,,,White,M,,,,,X,,X,,,,,,National Journal,
3/30/2014,Kimberley Strassel,,,White,F,,,,,X,,X,,,,,,Wall Street Journal,
3/30/2014,Charles Lane,,,White,M,,,,,X,,X,,,,,,Washington Post,
3/30/2014,Karl Rove,Republican,,White,M,,,,X,,,X,,,,,,GOP Strategist,
3/30/2014,Ron Wyden,Democrat,Oregan,White,M,,X,,,,,,,X,,,,,
3/30/2014,Rudy Giuliani,Republican,New York,White,M,,,,X,,,,,X,,,,,
3/30/2014,Loretta Weinberg,Democrat,New Jersey,White,F,,,,X,,,,,X,,,,,
3/30/2014,Michael McFaul,,,White,M,,,,X,,,,,X,,,,Former US Ambassador to Russia,
3/30/2014,Peter Baker,,,White,M,,,,,X,,,,X,,,,New York Times,
3/30/2014,Jonathan Cohn,,,White,M,,,,,X,,,,X,,,,The New Republic,
3/30/2014,Avik Roy,,,Other,M,,,,,X,,,,X,,,,Forbes and Manhattan Institute,
3/30/2014,Amy Walter,,,White,F,,,,,X,,,,X,,,,Cook Political Report,
3/30/2014,Svante Myrick,Democrat,New York,Other,M,,,,X,,,,,X,,,,Mayor of Ithaca,
3/30/2014,Rick Santorum,Republican,Pennsylvania,White,M,,,,X,,,,,X,,,,,
3/30/2014,Jay Inslee,Democrat,Washington,White,M,,,,X,,,,,,X,,,,
3/30/2014,David Ignatius,,,White,M,,,,,X,,,,,X,,,Washington Post,
3/30/2014,Mark Emmert,,,White,M,,,,,,X,,,,X,,,President of NCAA,
3/30/2014,Michael Hayden,,,White,M,,,,X,,,,,,X,,,Former Director of National Security Agency and director or CIA,
3/30/2014,Michael Morell,,,White,M,,,,X,,,,,,X,,,Former director of CIA,
3/30/2014,Gwen Ifill,,,Other,F,,,,,X,,,,,X,,,PBS NewsHour,
3/30/2014,Carolyn Ryan,,,White,F,,,,,X,,,,,X,,,New York Times,
3/30/2014,David Gergen,,,White,M,,,,X,,,,,,X,,,"former advisor for Nixon, Ford, Reagan and Clinton",
3/30/2014,Donna Brazile,Democrat,,Other,F,,,,X,,,,X,,,,,,
3/30/2014,Matthew Dowd,,,White,M,,,,X,,,,X,,,,,cheif strategist for Bush-Cheney 04,
3/30/2014,David Plouffe,Democrat,,White,M,,,,X,,,,X,,,,,Campaign manager for Obama 08,
3/30/2014,Bill Kristol,,,White,M,,,,,X,,,X,,,,,Weekly Standard,
3/30/2014,Keith Olbermann,,,White,M,,,,,X,,,X,,,,,sports and political commentator for TBS,
3/30/2014,,,,,,,,,,,,,,,,,,,
4/6/2014,Nancy Pelosi,Democrat,California,White,F,X,,,,,,,,,,X,,,
4/6/2014,Mike Rogers,Republican,Michigan,White,M,X,,,,,,,,,,X,,,
4/6/2014,Dutch Ruppersberger,Democrat,Maryland,White,M,X,,,,,,,,,,X,,,
4/6/2014,Rulsi Gabbard,Democrat,Hawaii,Other,F,X,,,,,,,,,,X,,,
4/6/2014,Tim Murphy,Republican,Pennsylvania,White,M,X,,,,,,,,,,X,,,
4/6/2014,Penny Lee,Democrat,,White,F,,,,,,X,,,,,X,,,
4/6/2014,Corey Dade,,,Other,M,,,,,X,,,,,,X,,,
4/6/2014,Ross Douthat,,,White,M,,,,,X,,,,,,X,,New York Times,
4/6/2014,Michael McCaul,Republican,Texas,White,M,X,,,,,,X,,,,,,,
4/6/2014,Tim Kaine,Democrat,Virginia,White,M,,X,,,,,X,,,,,,,
4/6/2014,Michael Hayden,,,White,M,,,,X,,,X,,,,,,former director of NSA and CIA,
4/6/2014,Brit Hume,,,White,M,,,,,X,,X,,,,,,,
4/6/2014,Elise Viebeck,,,White,F,,,,,X,,X,,,,,,The Hill,
4/6/2014,Michael Mullen,,,White,M,,,,,,X,,,X,,,,"Admiral, former Chairman of the Joint Cheifs of Staff",
4/6/2014,Shaun McCutcheon,,,White,M,,,,,,X,,,X,,,,Brought SCOTUS cause,
4/6/2014,Robert Weissman,,,White,M,,,,,,X,,,X,,,,President of Public Citizen,
4/6/2014,Kathleen Parker,,,White,F,,,,,X,,,,X,,,,Washington Post,
4/6/2014,John Sununu,Republican,New Hampshire,White,M,,X,,,,,,,X,,,,Former senator,
4/6/2014,Harold Ford Jr.,Democrat,Tennessee,Other,M,X,,,,,,,,X,,,,Former Rep.,
4/6/2014,Steve Case,,,White,M,,,,,,X,,,X,,,,Chairman of America Online,
4/6/2014,Michael Lewis,,,White,M,,,,,,X,,,X,,,,Author of Flash Boys,
4/6/2014,Seth Doane,,,White,M,,,,,X,,,,,X,,,CBS Correspondent,
4/6/2014,Mark Ronsenker,,,White,M,,,,,,X,,,,X,,,American aviation official,
4/6/2014,Michael McCaul,Republican,Texas,White,M,X,,,,,,,,,X,,,,
4/6/2014,Dan Pfeiffer,Democrat,,White,M,,,X,,,,,,,X,,,Assistant to the President and Senior Advisor to President on Strategy and Communications,
4/6/2014,Heidi Cullen,,,White,F,,,,,X,,,,,X,,,Climate journalist for Climate Central,
4/6/2014,Tom Friedman,,,Other?,M,,,,,X,,,,,X,,,New York Times,
4/6/2014,Todd Purdum,,,White,M,,,,,X,,,,,X,,,Vanity Fair,
4/6/2014,John Dickerson,,,White,M,,,,,X,,,,,X,,,Slate and CBS,
4/6/2014,Amy Walter,,,White,F,,,,,X,,,,,X,,,Cook Political Report,
4/6/2014,Donna Brazile,Democrat,,Other,F,,,,X,,,,X,,,,,,
4/6/2014,Newt Gingrich,Republican,Georgia,White,M,X,,,,,,,X,,,,,,
4/6/2014,Bill Kristol,,,White,M,,,,,X,,,X,,,,,Weekly Standard,
4/6/2014,Alicia Menendez,,,Other,F,,,,,X,,,X,,,,,HuffPost,
4/6/2014,Jersey Vargas,,,Other,F,,,,,,X,,,,,,X,activist,
4/13/2014,Steve Israel,Democrat,New York,White,M,X,,,,,,,,,,X,,,
4/13/2014,Greg Walden,Republican,Oregon,White,M,X,,,,,,,,,,X,,,
4/13/2014,Cornell Belcher,Democrat,,Other,M,,,,,X,,,,,,X,,"Dem Strategist, CNN Political Analyst",
4/13/2014,Ron Brownstein,,,White,M,,,,,X,,,,,,X,,National Journal,
4/13/2014,Liz Mair,,,White,M,,,,,,X,,,,,X,,Political commentator,
4/13/2014,Tim Scott,Republican,South Carolina,Other,M,,X,,,,,X,,,,,,,
4/13/2014,Sheldon Whitehouse,Democrat,Rhode Island,White,M,,X,,,,,X,,,,,,,
4/13/2014,Sander Levin,Democrat,Michigan,White,M,X,,,,,,X,,,,,,,
4/13/2014,Charles Boustany,Republican,Lousiana,White,M,X,,,,,,X,,,,,,,
4/13/2014,Doris Kearns Goodwin,,,White,F,,,,,,X,,,X,,,,Political commentator,
4/13/2014,Ed Markey,Democrat,Massachusetts,White,M,,X,,,,,,,X,,,,,
4/13/2014,Ed Davis,,,White,M,,,,,,X,,,X,,,,Boston police,
4/13/2014,John Tlumacki,,,White,M,,,,,X,,,,X,,,,boston globe photographer,
4/13/2014,Joe Andruzzi,,,White,M,,,,,,X,,,X,,,,Former football player,
4/13/2014,Kara Swisher,,,White,F,,,,,X,,,,X,,,,Wall Street Journal,
4/13/2014,Mike Murphy,Republican,,White,M,,,,,,X,,,X,,,,Republican political consultant,
4/13/2014,Paul Gigot,,,White,M,,,,,X,,,,X,,,,Wall Street Journal,
4/13/2014,Donna Edwards,Democrat,Maryland,Other,F,X,,,,,,,,X,,,,,
4/13/2014,John McCain,Republican,Arizona,White,M,,X,,,,,,,,X,,,,
4/13/2014,Marsha Blackburn,Republican,Tennessee,White,F,X,,,,,,,,,X,,,,
4/13/2014,Elijah Cummings,Democrat,Maryland,Other,M,X,,,,,,,,,X,,,,
4/13/2014,Katie Stallard,,,White,F,,,,,X,,,,,X,,,Sky News Moscow correspondent,
4/13/2014,Michael Eric Dyson,,,Other,M,,,,,,X,,,,X,,,Radio host and sociology prof at Georgetown,
4/13/2014,Tavis Smiley,,,Other,M,,,,,X,,,,,X,,,PBS,
4/13/2014,Evan Wolfson,,,White,M,,,,,,X,,,,X,,,founder of Freedom to Marry,
4/13/2014,Nikole Hannah-Jones,,,Other,F,,,,,X,,,,,X,,,ProPublica,
4/13/2014,Peter Baker,,,White,M,,,,,X,,,,,X,,,New York Times,
4/13/2014,Leigh Gallagher,,,White,F,,,,,X,,,,,X,,,Fortune magazine,
4/13/2014,Frank Rich,,,White,M,,,,,X,,,,,X,,,New York Times,
4/13/2014,Michael Gerson,,,White,M,,,,,X,,,,,X,,,Washington Post,
4/13/2014,Samantha Power,,,White,F,,,,X,,,,X,,,,,US Ambassador to UN,
4/13/2014,Deval Patrick,Democrat,Massachusetts,Other,M,,,,X,,,,X,,,,,,
4/13/2014,Rand Paul,Republican,Kentucky,White,M,,X,,,,,,X,,,,,,
4/13/2014,Robert Reich,,,White,M,,,,,,X,,X,,,,,Berkley professor and political economist,
4/13/2014,Luis Guillermo Solis,,,Other,M,,,,X,,,,,,,,X,President of Costa Rica,
4/20/2014,Mo Elleithee,Democrat,,Other,M,,,,X,,,,,,,X,,DNC,
4/20/2014,Sean Spicer,Republican,,White,M,,,,X,,,,,,,X,,RNC,
4/20/2014,Stu Rothenberg,,,White,M,,,,,X,,,,,,X,,Rothenberg Political Report,
4/20/2014,Kim Beazley,,,White,M,,,,X,,,,,,,X,,Austrailia's Ambassador to the US,
4/20/2014,Lukman Faily,,,Other,M,,,,X,,,,,,,X,,Iraqi Ambassador to the US,
4/20/2014,John Walsh,Democrat,Montana,White,M,,X,,,,,,,,,X,,,
4/20/2014,Tom Tarantino,,,White,M,,,,,,X,,,,,X,,Iraq and Afghanistan Veterans of America,
4/20/2014,Donald Wuerl,,,White,M,,,,,,X,X,,,,,,Cardinal,
4/20/2014,Serey Kislyak,,,White,M,,,,X,,,X,,,,,,Russia's Ambassador to the US,
4/20/2014,George Will,,,White,M,,,,,X,,X,,,,,,,
4/20/2014,Rana Foroohar,,,Other,F,,,,,X,,X,,,,,,TIME Magazine ,
4/20/2014,Robert Costa,,,White,M,,,,,X,,X,,,,,,Washington Post,
4/20/2014,Evan Bayh,Democrat,Indiana,White,M,,X,,,,,X,,,,,,Former senator,
4/20/2014,Arseny Yatseniuk,,,White,M,,,,X,,,,,X,,,,Ukraine Prime MInister,
4/20/2014,Bob Corker,Republican,Tennessee,White,M,,X,,,,,,,X,,,,,
4/20/2014,Chris Murphy,Democrat,Connecticut,White,M,,X,,,,,,,X,,,,,
4/20/2014,Debbie Wasserman-Schultz,Democrat,Florida,White,F,X,,,,,,,,X,,,,,
4/20/2014,Jo Becker,,,White,F,,,,,X,,,,X,,,,New York Times,
4/20/2014,Chuck Todd,,,White,M,,,,,X,,,,X,,,,,
4/20/2014,David Brooks,,,White,M,,,,,X,,,,X,,,,New York Times,
4/20/2014,Radhika Jones,,,Other,F,,,,,X,,,,X,,,,Deputy Managing Editor at TIME,
4/20/2014,David Shribman,,,White,M,,,,,X,,,,X,,,,Editor at Pittsburgh Post-Gazette,
4/20/2014,Cardinal Dolan,,,White,M,,,,,,X,,,,X,,,Roman Catholic Cardinal,
4/20/2014,Deval Patrick,Democrat,Massachusetts,Other,M,,,,X,,,,,,X,,,Governor of Mass,
4/20/2014,Holly Williams,,,White,F,,,,,,X,,,,X,,,Singer/songwriter,
4/20/2014,Allen Pizzey,,,White,M,,,,,X,,,,,X,,,CBS Correspondent ,
4/20/2014,Seth Doane,,,White,M,,,,,X,,,,,X,,,CBS Correspondent ,
4/20/2014,Peggy Noonan,,,White,F,,,,,X,,,,,X,,,WSJ,
4/20/2014,David Ignatius,,,White,M,,,,,X,,,,,X,,,Washington Post,
4/20/2014,Michael Duffy,,,White,M,,,,,X,,,,,X,,,TIME Magazine,
4/20/2014,John Dickerson,,,White,,,,,,X,,,,,X,,,Slate ,
4/20/2014,Donna Brazile,Democrat,,Other,F,,,,X,,,,X,,,,,,
4/20/2014,Bill Kristol,,,White,M,,,,,X,,,X,,,,,Weekly Standard,
4/20/2014,S.E. Cupp,,,White,F,,,,,X,,,X,,,,,CNN,
4/20/2014,Jeff Zeleny,,,White,M,,,,,X,,,X,,,,,ABC News,
4/20/2014,Cokie Roberts,,,White,F,,,,,X,,,X,,,,,,
4/20/2014,Katherine Vargas,,,Other,F,,,X,,,,,,,,,X,Director of Hispanic Media at the White House,
4/20/2014,Henrique Capriles,,,Other,M,,,,X,,,,,,,,X,Venezuelan politician (governor of Miranda),
4/20/2014,Al Cardenas,,, ,M,,,,X,,,,,,,,X,Chair of Amerucan Conservative Union,
4/20/2014,Julian Castro,Democrat,Texas,Other,M,,,,X,,,,,,,,X,Mayor of San Antonio,
4/20/2014,Dan Patrick,Republican,Texas,White,M,,,,X,,,,,,,,X,Texas State Senate,
4/20/2014,Martin O'Malley,Democrat,Maryland,White,M,,,,X,,,,,,,,X,Govenor of Maryland,
4/27/2014,Tony Blinken ,Democrat,,White ,M ,,,X ,,,,,,X ,,,,White House Deputy National Security Advisor ,
4/27/2014,Tony Blair ,,,,,,,,X,,,,,X ,,,,Former British Prime Minister. ,
4/27/2014,Robert Menendez,Democrat,New Jersey ,Latino,M,,X,,,,,,,X ,,,,"Chairman, Senate Foreign Relations Committee ",
4/27/2014,Neera Tanden ,,,Indian,F ,,,,,,X,,,X ,,,,"President, Center for American Progress ",
4/27/2014,Tony Blinken ,Democrat,,White ,M ,,,X ,,,,,,,X,,,White House Deputy National Security Advisor ,
4/27/2014,Bob Corker,Republican ,Tennessee ,White ,M ,,X,,,,,,,,X,,,Junior U.S. Senator for Tennessee. ,
4/27/2014,Claire McCaskill ,Democrat,Missouri ,White,F,,X,,,,,,,,X,,,Senior U.S. Senator from Missouri. ,
4/27/2014,Benjamin Netanyahu,,,White,M ,,,,,,X,,,,X,,,Israeli Prime Minister. ,
4/27/2014,Rick Santorum,Republican ,Pennsylvania ,White ,M ,,,,X,,,,,,X,,,Former U.S. Senator from Pennsylvania. ,
4/27/2014,Jeh Johnson ,Democrat,,Black ,M ,,,X ,,,,,X,,,,,Homeland Security Secretary. ,
4/27/2014,Elizabeth Warren,Democrat,Massachusetts,White,F,,X,,,,,,X,,,,,Senior U.S. Senator from Massachusetts. ,
4/27/2014,Mike Pence ,Republican ,Indiana ,White,M ,,,,X,,,X,,,,,,Indiana Governor. ,
4/27/2014,Jennifer Gratz  ,,,White,F,,,,,,X,X,,,,,,XIV CEO and Civil Rights activist ,
4/27/2014,Shanta Driver ,,,Indian ,F ,,,,,,X,X,,,,,,Civil Rights attorney and affirmative action activist. ,
4/27/2014,Tony Blinken ,Democrat,,White,M ,,,X,,,,,,,,X,,WH Deputy National Security Advisor. ,
4/27/2014,Benjamin Netanyahu,,,White,M ,,,,,,X,,,,,X,,Israeli Prime Minister. ,
4/27/2014,John Barrasso ,Republican,Wyoming ,White,M ,,X,,,,,,,,,X,,Junior U.S. Senator from Wyoming. ,
4/27/2014,Ben Cardin ,Democrat,Maryland,White,M,,X,,,,,,,,,X,,Junior U.S. Senator from Maryland. ,
4/27/2014,Anthony Weiner,Democrat,New York,White,M,,,,,,X,,,,,,X,Former U.S. rep for New York's 9th district. ,
5/4/2014,Rick Perry ,Republican,Texas ,White,M,,,,X,,,,,X,,,,Texas Governor. ,
5/4/2014,Jason Chaffetz,Republican,Utah,White,M,X,,,,,,,,X,,,,U.S. rep for Utah's 3rd district. ,
5/4/2014,Kevin Johnson,Democrat,California ,Black ,M,,,,X,,,,,X,,,,Mayor of Sacramento,
5/4/2014,Anita Dunn ,Democrat,,White,F,,,,X,,,,,X,,,,Former White House Communications Director,
5/4/2014,Lindsey Graham,Republican,South Carolina,White,M,,X,,,,,,,,X,,,Senior U.S. Senator from South Carolina. ,
5/4/2014,Eric Garcetti,Democrat,California ,White,M,,,,X,,,,,,X,,,Mayor of Los Angeles,
5/4/2014,Richard Williams ,,,Black ,M,,,,,,X,,,,X,,,Father of Venus and Serena Williams ,
5/4/2014,Al Franken,Democrat,Minnesota,White,M,,X,,,,,,X,,,,,Junior U.S. Senator from Minnesota ,
5/4/2014,Rick Santorum,Republican,Pennsylvania,White,M,,,,,,X,,X,,,,,Former U.S. Senator from Pennsylvania. ,
5/4/2014,David Plouffe,Democrat,,White,M,,,X,,,,,X,,,,,Former White House Senior Advisor.,
5/4/2014,John Oliver,,,White,M,,,,,,X,,X,,,,,"Host of HBO's ""Last Week Tonight""",
5/4/2014,Mark Leibovich,,,White,M,,,,,X,,,X,,,,,NYT Magazine National Correspondent,
5/4/2014,Kareem Abdul-Jabbar,,,Black ,M,,,,,,X,,X,,,,,Former NBA player,
5/4/2014,Kelly Ayotte,Republican,New Hampshire,White,F,,X,,,,,X,,,,,,Junior U.S. Senator from New Hampshire,
5/4/2014,Adam Schiff,Democrat,California ,White,M,X,,,,,,X,,,,,,U.S. rep for California's 28th district,
5/4/2014,Fred Smith,,,White,M,,,,,,X,X,,,,,,Fedex CEO,
5/4/2014,Robert Wolf,,,White,M,,,,,,X,X,,,,,,32 Advisors Founder and CEO,
5/4/2014,Ron Johnson ,Republican,Wisconsin,White,M,,X,,,,,,,,,X,,Senior U.S. Senator for Wisconsin,
5/4/2014,Eliot Engel ,Democrat,New York,White,M,X,,,,,,,,,,X,,U.S. rep for New York's 16th district,
5/4/2014,Eric Garcetti,Democrat,California ,White,M,,,,X,,,,,,,,X,Mayor of Los Angeles,
5/4/2014,Bob Goodlatte,Republican,Virginia,White,M,X,,,,,,,,,,,X,U.S rep for California's 6th district,
5/4/2014,Joe Arpaio,Republican,Arizona,White,M,,,,X,,,,,,,,X,"Sheriff of Maricopa County, Ariz.",
5/11/2014,Mike Rogers,Republican,Michigan,White,M,X,,,,,,,,,X,,,U.S. Rep for Michigan's 8th district. ,
5/11/2014,Elizabeth Warren,Democrat,Massachusetts,White,F,,X,,,,,,,,X,,,Senior U.S. Senator from Massachusetts. ,
5/11/2014,Robert Gates,Republican,,White,M,,,,X,,,,,,X,,,Former Defense Secretary (2006-11),
5/11/2014,Chuck Hagel,Republican,Nebraska,White,M,,,X,,,,,X,,,,,Defense Secretary ,
5/11/2014,Marco Rubio,Republican,Florida,Latino,M,,X,,,,,,X,,,,,Junior U.S. senator from Florida,
5/11/2014,Trey Gowdy,Republican,South Carolina,White,M,X,,,,,,X,,,,,,U.S. rep for South Carolina's 4th district,
5/11/2014,Xavier Becerra,Democrat,California ,Mexican,M,X,,,,,,X,,,,,,"Chairman, House Democratic Caucus ",
5/11/2014,John Campbell,,,White,M,,,,,,X,X,,,,,,Former U.S. ambassador to Nigeria,
5/11/2014,Shiza Shahid ,,,Indian,F,,,,,,X,X,,,,,,Malala CEO,
5/11/2014,Debbie Wasserman-Schultz,Democrat,Florida,White,F,X,,,,,,,,,,X,,"Chairwoman, Democratic National Committee",
5/11/2014,Michele Bachman ,Republican,Minnesota,White,F,X,,,,,,,,,,X,,U.S. rep for Minnesota's 6th district,
5/11/2014,Marco Rubio,Republican,Florida,Latino,M,,X,,,,,,,,,,X,Junior senator from Florida,
5/11/2014,Bob Menendez,Democrat,NJ,Latino,M,,X,,,,,,,,,,X,Senior senator from NJ,
5/18/2014,Dick Cheney,Republican,Wyoming,White,M,,,,,,X,X,,,,,,Former Vice President (2001-2009),
5/18/2014,Lynne Cheney,Republican,Wyoming,White,M,,,,,,X,X,,,,,,Wife of Dick Cheney,
5/18/2014,Ryan Gallucci,,,White,M,,,,,,X,X,,,,,,Deputy Director of the Veterans of Foreign Wars' National Veterans Services Directorate ,
5/18/2014,Claire McCaskill ,Democrat,Missouri,White,F,,X,,,,,,,X,,,,Senior U.S. Senator from Missouri. ,
5/18/2014,Adam Kinzinger,Republican,Illinois ,White,M,X,,,,,,,,X,,,,U.S. rep for Illinois's 16th district,
5/18/2014,Glenn Greenwald,,,White,M,,,,,X,,,,X,,,,Journalist for First Look Media,
5/18/2014,Denis McDonough,Democrat,,White,M,,,X,,,,,,,X,,,White House Chief of Staff,
5/18/2014,Daniel Dellinger,,,White,M,,,,,,X,,,,X,,,National Commander of the American Legion,
5/18/2014,Tim Geithner,Independent,,White,M,,,,,,X,,,,X,,,Former Treasury Secretary (2009-2013),
5/18/2014,Michael Bloomberg,Democrat,New York,White,M,,,,X,,,,,,,,,Former Mayor of New York City (2002-13),
5/18/2014,Eli Capilouto,,,White,M,,,,,,X,,X,,,,,President of the University of Kentucky (2011-Present),
5/18/2014,Alexis Ohanian,,,White,M,,,,,,X,,X,,,,,Co-founder of Reddit,
5/18/2014,Berin Szoka,,,White,M,,,,,,X,,X,,,,,President of Tech Freedom,
5/18/2014,Deval Patrick,Democrat,Massachusetts,Black ,M,,,,X,,,,,,,X,,Governor of Massachusetts,
5/18/2014,Jose Manuel Mireles,,,Latino,M,,,,,,X,,,,,,X,"Leader of the militia in Minchoacan, Mexico",
5/18/2014,John O. Brennan,,,White,M,,,X,,,,,,,,,X,Director of the CIA,
5/18/2014,Maria Antoineta Collins,,,Latino,F,,,,,X,,,,,,,X,Univision News Senior Special Correspondent,
5/18/2014,Barbara Walters,,,White,F,,,,,X,,,,,,,X,ABC News Anchor and co-host of The View,
5/18/2014,Carlos Santana,,,Latino,M,,,,,,X,,,,,,X,Musician and Guitar legend,
5/25/2014,Richard Blumenthal,Democrat,Connecticut,White,M,,X,,,,,,,,X,,,U.S. senior senator from connecticut,
5/25/2014,John Thune,Republican,South Dakota,White,M,,X,,,,,,,,X,,,Junior U.S. Senator from South Dakota,
5/25/2014,Adam Kinzinger,Republican,Illinois ,White,M,X,,,,,,,,,X,,,U.S. rep for Illinois's 16th district,
5/25/2014,Ben Carson,,,Black ,M,,,,,X,,,,,X,,,Conservative activist and columnist,
5/25/2014,Martin Dempsey,,,White,M,,,X,,,,,X,,,,,Chairman of the Joint Chiefs of Staff ,
5/25/2014,Jon Huntsman,Republican,Utah,White,M,,,,X,,,,X,,,,,Former Governor of Utah (2005-09),
5/25/2014,Paul Rieckhoff,,,White,M,,,,,,X,,X,,,,,"Founder and CEO, Iraq and Afghanistan Veterans for America",
5/25/2014,David Plouffe,Democrat,,White,M,,,X,,,,,X,,,,,Former WH senior advisor ,
5/25/2014,Kelly Ayotte,Republican,New Hampshire,White,F,,X,,,,,X,,,,,,Junior U.S. Senator from New Hampshire,
5/25/2014,Derek Bennett,,,White,M,,,,,,X,X,,,,,,"Chief of Staff, Iraq and Afghanistan Veterans for America",
5/25/2014,Mike Pence ,Republican,Indiana,White ,M,,,,X,,,,,,,X,,Govenor of Indiana,
5/25/2014,Bernie Sanders,Independent,Vermont,White,M,,X,,,,,,,,,X,,"Junior Senator from Vermont. Chairman, Senate Veterans Affairs Committee",
5/25/2014,Jeff Miller,Republican,Florida,White,M,X,,,,,,,,,,X,,"U.S. rep for Florida's 1st district. Chairman, House Veterans Affairs Committee",
5/25/2014,Penny Lee,Democrat,,White,F,,,,X,,,,,,,X,,"Former director, Democratic Governors' Association",
5/25/2014,John Boehner,Republican,Ohio,White,M,X,,,,,,,,,,,X,Speaker of the House,
5/25/2014,Harry Reid,Democrat,Nevada,White,M,,X,,,,,,,,,,X,Senate Majority Leader,
5/25/2014,Benjamin Netanyahu,,,White,M,,,,,,X,,,,,,X,Israeli Prime Minister. ,
6/1/2014,Chuck Hagel,Republican,Nebraska,White,M,,,X,,,,,,X,,,,Defense Secretary ,
6/1/2014,Michael Bloomberg,Democrat,New York,White,M,,,,X,,,,,X,,,,Former New York Mayor (2002-2013),
6/1/2014,Adam Kinzinger,Republican,Illinois,White,M,X,,,,,,,,X,,,,U.S. rep for Illinois's 16th district,
6/1/2014,Paul Rieckhoff,,,White,M,,,,,,X,,,X,,,,"Founder and CEO, Iraq and Afghanistan Veterans for America",
6/1/2014,Jane Harman,Democrat,California ,White,F,,,,X,,,,,X,,,,Former U.S. rep for California's 36th district,
6/1/2014,Newt Gingrich,Republican,Georgia,White,M,X,,,,,,,,X,,,,Former House Speaker (1995-99),
6/1/2014,John McCain,Republican,Arizona,White,M,,X,,,,,,,,X,,,Senior U.S. senator from Arizona,
6/1/2014,Bernie Sanders,Independent,Vermont,White,M,,X,,,,,,,,X,,,"Junior U.S. senator from Vermont. Chairman, Senate Veterans Affairs Committee",
6/1/2014,Michael Hayden,,,White,M,,,,,,X,,,,X,,,Retired four-star general and former Director of the National Security Agency and Director of the Central Intelligence Agency,
6/1/2014,Susan Rice,Democrat,,Black ,F,,,X,,,,,X,,,,,U.S. National Security Advisor,
6/1/2014,Ted Cruz,Republican,Texas,Latino,M,,X,,,,,,X,,,,,Junior U.S. senator from Texas,
6/1/2014,Reince Priebus,Republican,,White,M,,,,X,,,X,,,,,,Chairman of the Republican National Committee,
6/1/2014,Claire McCaskill ,Democrat,Missouri,White,F,,X,,,,,X,,,,,,Senior U.S. Senator from Missouri. ,
6/1/2014,Jeff Miller,Republican,Florida,White,M,X,,,,,,X,,,,,,"U.S. rep for Florida's 1st district. Chairman, House Veterans Affairs Committee",
6/1/2014,Susan Rice,Democrat,,Black ,F,,,X,,,,,,,,X,,U.S. National Security Advisor,
6/1/2014,Mike Rogers,Republican,Michigan,White,M,X,,,,,,,,,,X,,"U.S. Rep for Michigan's 8th district. Chairman, House Intelligence Committee",
6/1/2014,Jim Jones,Democrat,,White,M,,,,X,,,,,,,X,,Former U.S. National Security Adviser,
6/1/2014,Jim Webb,Democrat,Virginia,White,M,,,,X,,,,,,,X,,Former U.S. senator from Virginia,
6/1/2014,Nicholas Burns,,,White,M,,,,X,,,,,,,X,,Former U.S. ambassador to Greece (1997-01),
6/1/2014,Mario Diaz-Balart,Republican,Florida,Latino,M,X,,,,,,,,,,,X,U.S. rep for Florida's 25th district.,
6/1/2014,Tim Geithner,Independent ,,White,M,,,,X,,,,,,,,X,Former Treasury Secretary (2009-2013),
,,,,,,,,,,,,,,,,,,,
6/8/2014,Dianne Feinstein,Democrat,California ,White,F,,X,,,,,,,,X,,,Senior Senator from California. ,Bergdahl swap a mixed bag. 
6/8/2014,David Rohde,,,White,M,,,,,X,,,,,X,,,Journalist for Thomson Reuters. ,Reports of Bergdahl torture very credible. 
6/8/2014,Saxby Chambliss,Republican ,Georgia ,White,M ,,X,,,,,,,,X,,,Senior Senator from Georgia. ,Hard to validate reports of Bergdahl torture. 
6/8/2014,Tom Friedman,,,White,M,,,,,X,,,,,X,,,Journalist for The New York Times. ,Obama turning climate change into an econ. and security issue.
6/8/2014,Tom Cole ,Republican ,Oklahoma ,Native,M,,,,,X,,,X,,,,,U.S. Rep for Oklahoma's 4th Congressional District. ,"Bergdahl release, Hilary's potential run. "
6/8/2014,Bill Richardson ,Democrat ,New Mexico ,White ,M ,,,,X,,,,X,,,,,Former Governor of New Mexico. (2003-2011). ,"Bergdahl release, Hilary's potential run. "
6/8/2014,Matthew Dowd  ,Republican ,,White,M ,,,,,X,,,X,,,,,"""Good Morning America"" political correspondent. ","Bergdahl release, Hilary's potential run. "
6/8/2014,Alicia Menendez,,,White,F,,,,,X,,,X,,,,,"""Huff Post Live"" anchor. ","Bergdahl release, Hilary's potential run. "
6/8/2014,Mike Rogers ,Republican ,Michigan ,White ,M ,X,,,,,,,X,,,,,U.S. Rep for Michigan's 8th district. ,Taliban will return to fight U.S. 
6/8/2014,Michael Mukasey ,Republican ,,White ,M ,,,,X,,,X,,,,,,Former U.S. Attorney General. ,"Bergdahl deal a ""ghastly transaction."" "
6/8/2014,Jack Keane ,,,White,M ,,,,,,X,X,,,,,,Defense Analyst for the Institute for the Study of War. ,Bergdahl deal. 
6/8/2014,Cheryl Brandes ,,,White ,F ,,,,,,X ,X ,,,,,,Parent of soldier who was killed looking for Bergdahl. ,Calling for full investigation into Bergdahl release. 
6/8/2014,Ken Luccioni ,,,White ,M ,,,,,,X,X ,,,,,,Stepfather of soldier killed looking for Bergdahl. ,Calling for full investigation into Bergdahl release. 
6/8/2014,James Mattis ,,,White,M ,,,,,,X,,,,,X,,Retired U.S. Marine Corps General. ,Taliban lost its pawn when it gave up Bergdahl. 
6/8/2014,Paul Eaton ,,,White ,M ,,,,,,X,,,,,X,,Retired U.S. Army General. ,Bergdahl: Never leave behind a fallen comrade. 
6/8/2014,Jerry Boykin ,,,White ,M,,,,X,,,,,,,X,,Former Undersecretary of Defense for Intelligence. (02-07),Bergdahl is a desserter. 
6/8/2014,John McCain ,Republican ,Arizona ,White ,M ,,X ,,,,,,,,,X,,U.S. Senior Senator from Arizona. ,"Afraid the released Taliban will ""reenter the fight."" "
6/8/2014,John Kerry ,Democrat ,Massachusetts,White,M ,,,X ,,,,,,,,X ,,U.S. Secretary of State. ,Bergdahl release and the Taliban five. 
6/8/2014,Ramon Gil ,,,Hispanic,M ,,,,X,,,,,,,,X,Ambassador of Spain to the U.S. ,Abdication of King Juan Carlos I. 
6/8/2014,Rand Paul ,Republican ,Kentucky ,White,M ,,X ,,,,,,,,,,X ,Junior U.S. Senator for Kentucky. ,Presidential candidacy. 
6/8/2014,Julio Ligorria ,,,Hispanic ,M ,,,,X,,,,,,,,X ,Ambassador of Guatemala to the U.S.,Too many immigrants traveling alone. 
6/15/2014,Mitt Romney,Republican,Massachussetts,White,M,,,,X,,,,,X,,,,Former Massachussetts Governor (2003-2007),Iraq instability and Cantor's primary loss.
6/15/2014,Joe Manchin,Democrat,West Virginia,White,M,,X,,,,,,,X,,,,Junior U.S. Senator for West Virginia,
6/15/2014,Peter King,Republican,New York,White,M,X,,,,,,,,X,,,,U.S. rep for NY's second congressional district ,
6/15/2014,Lindsey Graham,Republican,South Carolina,White,M,,X,,,,,,,,X,,,Senior U.S. senator for South Carolina.,
6/15/2014,Reince Priebus,Republican,,White,M,,,,X,,,,,,X,,,Republican National Committee Chairman ,
6/15/2014,Tom Donilon ,,,White,M,,,,X,,,,,,,,,Former National Security Advisor to the Obama administration.,
6/15/2014,Eric Cantor,Republican,Virginia,White,M,X,,,,,,,X,,,,,House majority leader and U.S. rep for Virginia's 7th district.,
6/15/2014,Mike McCaul,Republican,Texas,White,M,X,,,,,,,X,,,,,U.S. rep for Texas's 10th district and Chairman of the House Committee on Homeland Security.,
6/15/2014,Peter Chiarelli ,,,White,M,,,,X,,,,X,,,,,Former Vice Chief of Staff of the U.S. army. (2008-2012),
6/15/2014,Luis Gutierrez,Democrat,Illinois,Latino,M,X,,,,,,,X,,,,,U.S. rep for Illinois's 4th district,
6/15/2014,Mike Rogers ,Republican,Michigan,White,M,X,,,,,,X,,,,,,U.S. Rep for Michigan's 8th district and chairman of the permanent select committee on intelligence. ,
6/15/2014,Greg Walden,Republican,Oregon,White,M,X,,,,,,X,,,,,,U.S. rep for Oregon's 2nd district (1999) and Chairman of the National Republican Congressional Committee. ,
6/15/2014,Tom Price,Republican,Georgia,White,M,X,,,,,,X,,,,,,U.S. rep for Georgia's 6th district (2005) and vice chairman of the House Budget Committee.,
6/15/2014,Eric Cantor,Republican,Virginia,White,M,X,,,,,,,,,,X,,U.S. rep for Virginia's 7th district (2003) and House Majority Leader (2011).,
6/15/2014,Lindsey Graham,Republican,South Carolina,White,M,,X,,,,,,,,,X,,U.S. senior senator from South Carolina.,
6/15/2014,Adam Kinzinger,Republican,Illinois,White,M,X,,,,,,,,,,X,,U.S. rep for Illinois's 16th district. (2011),
6/15/2014,Tulsi Gabbard,Democrat,Hawaii,Samoan,F,X,,,,,,,,,,X,,U.S. rep for Hawaii's 2nd district. (2013),
6/15/2014,Cecilia Munoz,Democrat,,Latino,F,,,X,,,,,,,,,X,Director of the White House Domestic Policy Council. (2012),
6/15/2014,Henry Cuellar,Democrat,Texas,Latino,M,X,,,,,,,,,,,X,U.S. rep for Texas's 28th district. (2005),
6/22/2014,Rand Paul ,Republican,Kentucky,White,M,,X,,,,,,,X,,,,Junior U.S. Senator for Kentucky. (2011),"Iraq, House Republican leadership. "
6/22/2014,Michael McCaul,Republican,Texas,White,M,X,,,,,,,,X,,,,U.S. rep for Texas's 10th district and Chairman of the House Committee on Homeland Security.,
6/22/2014,Benjamin Netanyahu,,,Israeli,M,,,,X,,,,,X,,,,Prime Minister of Israel. (2009),
6/22/2014,Michele Flournoy,Democrat,,White,F,,,X,,,,,,X,,,,Former Undersecretary of Defense for Policy (2009-2012),
6/22/2014,Marco Rubio,Republican,Florida,Latino,M,,X,,,,,,,,X,,,Junior U.S. Senator from Florida (2011),
6/22/2014,Mike Rogers ,Republican,Michigan,White,M,X,,,,,,,,,X,,,U.S. Rep for Michigan's 8th district and chairman of the permanent select committee on intelligence. ,
6/22/2014,Dick Cheney,Republican,Wyoming,White,M,,,,X,,,,X,,,,,Former Vice President of the United States (2001-2009),
6/22/2014,Sonia Sotomayor,,,Hispanic,F,,,,X,,,,X,,,,,Associate Justice of the U.S. Supreme Court. (2009),
6/22/2014,Keith Ellison,Democrat,Minnesota ,Black,M,X,,,,,,,X,,,,,U.S. rep for Minnesota's 5th district (2007),
6/22/2014,Adam Kinzinger,Republican,Illinois,White,M,X,,,,,,,X,,,,,U.S. rep for Illinois's 16th district. (2011),
6/22/2014,Kevin McCarthy,Republican,California,White,M,X,,,,,,X,,,,,,U.S. rep for California's 23rd district and House Majority Leader-elect. ,
6/22/2014,Rand Paul ,Republican,Kentucky,White,M,,X,,,,,,,,,X,,Junior U.S. Senator for Kentucky (2011),
6/22/2014,Dianne Feinstein,Democrat,California,White,F,,X,,,,,,,,,X,,Senior U.S. senator for South Carolina. (1992),
6/22/2014,Bob Woodward,,,White,M,,,,,X,,,,,,X,,Washington Post reporter. ,
6/22/2014,Carl Bernstein,,,White,M,,,,,X,,,,,,X,,Vanity Fair reporter. ,
6/22/2014,Robert Menendez,Democrat,New Jersey,Latino,M,,X,,,,,,,,,,X,Senior U.S. senator from New Jersey and chairman of the Senate Foreign Relations Committee.,
6/22/2014,Bill Flores,Republican,Texas,White,M,X,,,,,,,,,,,X,U.S. rep for Texas's 17th district. (2011),
6/29/2014,Bill Clinton,Democrat,Arkansas,White,M,,,,X,,,,,X,,,,Former President of the United States. (1993-2001),
6/29/2014,Reince Priebus,Republican,,White,M,,,,X,,,,,X,,,,Chairman of the Republican National Committee. ,
6/29/2014,Valerie Jarrett,Democrat,,Iranian,F,,,X,,,,,,X,,,,Senior advisor to President Obama.,
6/29/2014,Sean Duffy,Republican,Wisconsin ,White,M,X,,,,,,,,X,,,,U.S. rep for Wisconsin's 7th district. (2011-present),
6/29/2014,Joe Manchin,Democrat,West Virginia,White,M,,X,,,,,,,,X,,,Junior U.S. Senator from West Virginia. (2010),
6/29/2014,John Barrasso,Republican,Wyoming,White,M,,X,,,,,,,,X,,,Junior U.S. Senator from Wyoming (2007).,
6/29/2014,James Jeffrey ,,,White,M,,,,X,,,,,,X,,,Former U.S. ambassador to Iraq. (2010-2012),
6/29/2014,Barack Obama,Democrat,Illinois,Black,M,,,X,,,,,X,,,,,President of the United States (2009).,
6/29/2014,Peter King,Republican,New York,White,M,X,,,,,,,X,,,,,U.S. rep for New York's 2nd congresional district (1999).,
6/29/2014,Bob Goodlatte,Republican,Virginia,White,M,X,,,,,,X,,,,,,U.S. rep for Virginia's 6th district (1993) and chairman of the House Judiciary Committee.,
6/29/2014,Xavier Becerra,Democrat,California,Hispanic,M,X,,,,,,X,,,,,,U.S. rep for California's 34th district (1993) and Chairman of the House Democratic Caucus. (2013),
6/29/2014,Michael Hayden,,,White,M,,,,X,,,X,,,,,,Former CIA and NSA Director (2006-2009) ,
6/29/2014,Darrell Issa,Republican,California,White,M,X,,,,,,,,,,X,,U.S. rep for California's 49th district (2001) and chairman of the house oversight committee (2011).,
6/29/2014,Mike Rogers ,Republican,Michigan,White,M,X,,,,,,,,,,X,,U.S. Rep for Michigan's 8th district (2001) and chairman of the permanent select committee on intelligence. (2011),
7/6/2014,Jeh Johnson,Democrat,,Black,M,,,X,,,,,,X,,,,Secretary of Homeland Security (2013).,
7/6/2014,Raul Labrador,Republican,Idaho,Latino,M,X,,,,,,,,X,,,,U.S. rep for Idaho's 1st district. (2011).,
7/6/2014,Tony Blair,Labour,,British,M,,,,X,,,,,X,,,,Former Prime Minister of the UK. (1997-2007),
7/6/2014,John McCain ,Republican,Arizona,White,M,,X,,,,,,,,X,,,Senior U.S. senator from Arizona (1987),
7/6/2014,Lindsey Graham,Republican,South Carolina,White,M,,X,,,,,,,,X,,,Senior U.S. senator from South Carolina. (2003),
7/6/2014,Dick Durbin,Democrat,Illinois,White,M,,X,,,,,,,,X,,,Senior U.S. senator from Illinois and Senate Majority Whip. ,
7/6/2014,Rick Perry,Republican,Texas,White,M,,,,X,,,,X,,,,,Governor of Texas (2000),
7/6/2014,Gil Kerlikowske,Democrat,,White,M,,,X,,,,,X,,,,,Commisioner of U.S. Customs and Border Protection.,
7/6/2014,Newt Gingrich,Republican,Georgia,White,M,,,,X,,,,X,,,,,Former speaker of the house. (1995-1999),
7/6/2014,Donna Brazile,Democrat,,Black,F,,,,X,,,,X,,,,,Vice Chairwoman of the Democratic National Committee. (2009),
7/6/2014,Darrell Issa,Republican,California,White,M,X,,,,,,X,,,,,,U.S. rep for California's 49th district (2001) and chairman of the house oversight committee (2011).,
7/6/2014,John Barrasso,Republican,Wyoming,White,M,,X,,,,,X,,,,,,Junior U.S. Senator from Wyoming (2007).,
7/6/2014,Bob Casey,Democrat,Pennsylvania,White,M,X,,,,,,X,,,,,,Senior U.S. senator from Pennsylvania. (2007),
7/6/2014,Liz Cheney,Republican,Wyoming,White,F,,,,,,X,,,,,,,Former Wyoming Senate candidate and daughter of Dick Cheney.,
7/6/2014,Henry Cuellar,Democrat,Texas,Latino,M,X,,,,,,,,,,X,,U.S. rep for Texas's 28th district. (2005),
7/6/2014,Alan Long,,California,White,M,,,,X,,,,,,,X,,"Mayor of Murrieta, Calif. ",
7/6/2014,Michelle Howard,,,Black,F,,,,,,X,,,,,X,,Navy admiral.,
7/6/2014,Mo Elleithee ,Democrat,,Black,M,,,,X,,,,,,,X,,Democratic national committee spokesman.,
7/6/2014,Sean Spicer,Republican,,White,M,,,,X,,,,,,,X,,Republican National Committee spokesman.,
7/13/2014,Mohammad Javad Zarif ,,,Iranian,M,,,,X,,,,,X,,,,Iranian Foreign Minister. (2013),
7/13/2014,Martin Indyk,,,White,M,,,,X,,,,,X,,,,Former U.S. Middle East envoy. (2013-14),
7/13/2014,Mike Rogers ,Republican,Michigan,White,,X,,,,,,,,X,,,,U.S. rep for Michigan's 8th district and chairman of the permanent select committee on intelligence. ,
7/13/2014,Joaquin Castro,Democrat,Texas,Hispanic,M,X,,,,,,,,X,,,,U.S. rep for Texas's 20th district. (2013),
7/13/2014,Rick Santorum,Republican,Pennsylvania,White,M,,,,X,,,,,X,,,,Former junior senator from Pennsylvania. (1995-2007),
7/13/2014,Jennifer Granholm,Democrat,Michigan,White,F,,,,X,,,,,X,,,,Former Governor of Michigan (2003-2011),
7/13/2014,Benjamin Netanyahu,,,Israeli,M,,,,X,,,,,,X,,,Israeli Prime Minister (2009-Present),
7/13/2014,Rick Perry,Republican,Texas,White,M,,,,X,,,,,,X,,,Governor of Texas (2000),
7/13/2014,Luis Gutierrez,Democrat,Illinois ,Hispanic,M,X,,,,,,,,,X,,,U.S. rep for Illinois's 4th district (1993).,
7/13/2014,Loretta Sanchez,Democrat,California,Hispanic,F,X,,,,,,,,,X,,,U.S. rep for California's 46th district (1997).,
7/13/2014,Lamar Smith,Republican,Texas,White,M,X,,,,,,,,,X,,,"U.S. rep for California's 21st district and Chairman of the House Science, Space, and Technology Committee.",
7/13/2014,Eric Holder,Democrat,,Black,M,,,X,,,,,X,,,,,U.S. Attorney General (2009).,
7/13/2014,David Plouffe ,Democrat,,White,M,,,X,,,,,X,,,,,Former Senior Adviser to the President (2011-13).,
7/13/2014,Benjamin Netanyahu,,,Israeli,M,,,,X,,,,X,,,X,,Israeli Prime Minister (2009-Present),
7/13/2014,Rick Perry,Republican,Texas,White,M,,,,X,,,X,,,,,,Governor of Texas (2000),
7/13/2014,Mike McCaul,Republican,Texas,White,M,X,,,,,,X,,,,,,U.S. rep for Texas's 10th district and Chairman of the House Committee on Homeland Security.,
7/13/2014,John McCain ,Republican,Arizona,White,M,,X,,,,,,,,,X,,Senior U.S. senator from Arizona (1987),
7/13/2014,Marsha Blackburn,Republican,Tennessee,White,F,X,,,,,,,,,,X,,U.S. rep for Tennessee's 7th district. (2003),
7/13/2014,Donna Edwards,Democrat,Maryland,Black,F,X,,,,,,,,,,X,,U.S. rep for Maryland's 4th district. (2008),
7/13/2014,Aaron Schock ,Republican,Illinois ,White,M,X,,,,,,,,,,X,,U.S. rep for Illinois's 18th district. (2009),
7/13/2014,Beto O'Rourke ,Democrat,Texas,White,M,X,,,,,,,,,,X,,U.S. rep for Texas's 16th district. (2013),
7/20/2014,John Kerry ,Democrat,Massachusetts ,White,M,,,X,,,,X,X,X,X,X,,Secretary of State (2013),
7/20/2014,Lindsey Graham,Republican,South Carolina,White,M,,X,,,,,,,X,,,,U.S. Senator from South Carolina (2003).,
7/20/2014,Peter King,Republican,New York,White ,M,X,,,,,,,,,X,,,U.S. rep for New York's 2nd congresional district (1999).,
7/20/2014,Martin Indyk,,,White,M,,,,,,X,,,,X,,,Vice President and Director of Foreign Policy at the Brookings Institution.,
7/20/2014,Mike Rogers ,Republican,Michigan,White,M,X,,,,,,,X,,,,,U.S. Rep for Michigan's 8th district (2001) and chairman of the permanent select committee on intelligence. (2011),
7/20/2014,Ron Dermer,,,White,M,,,,X,,,,X,,,,,Israeli ambassador to the U.S. (2013).,
7/20/2014,Maen Areikat,,,Palestinian,M,,,,X,,,,X,,,,,Chief of the PLO delegation in Washington D.C.,
7/20/2014,Ted Cruz,Republican,Texas,Latino,M,,X,,,,,X,,,,,,Junior U.S. Senator from Texas (2013).,
7/20/2014,Robert Menendez,Democrat,New Jersey,Cuban,M,,X,,,,,X,,,,,,Senior U.S. Senator from NJ (2006) and Chairman of the Senate Foreign Relations Committee (2013).,
7/20/2014,Bob Corker,Republican,Tennessee,White,M,,X,,,,,X,,,,,,Junior U.S. Senator from Tennessee (2007),
7/20/2014,Dianne Feinstein,Democrat,California,White,F,,X,,,,,,,,,X,,Senior U.S. Senator from California (1992),
7/20/2014,Mike McCaul,Republican,Texas,White,M,X,,,,,,,,,,X,,U.S. rep for Texas's 10th district and Chairman of the House Committee on Homeland Security.,
7/20/2014,Phillip Breedlove,,,White,M,,,,X,,,,,,,X,,NATO Supreme Allied Commander of Europe,
7/20/2014,Henry Cuellar,Democrat,Texas,Latino,M,X,,,,,,,,,,,X,U.S. rep for Texas's 28th district. (2005),
7/20/2014,Luis Gutierrez,Democrat,Illinois,Latino,M,X,,,,,,,,,,,X,U.S. rep for Illinois's 4th district (1993). ,
7/27/2014,Benjamin Netanyahu,,,Israeli,M,,,,X,,,X,,X,X,X,,Prime Minister of Israel. (2009),
7/27/2014,Paul Ryan,Republican,Wisconsin ,White,M,X,,,,,,,,X,,,,U.S. rep for Wisconsin's 1st district (1999) and chairman of the House Budget Committee. (2011),
7/27/2014,Mike Rogers ,Republican,Michigan,White,M,X,,,,,,,,,X,,,U.S. rep for Michigan's 8th district (2001) and chairman of the permanent select committee on intelligence. (2011) ,
7/27/2014,Pavlo Klimkin ,,,Ukranian,M,,,,X,,,,,,X,X,,Minister of Foreign Affairs of Ukraine (2014).,
7/27/2014,Madeleine Alrbight,Democrat,,White,F,,,,X,,,,,,X,,,Former U.S. Secretary of State (1997-2001).,
7/27/2014,John Cornyn,Republican,Texas,White,M,,X,,,,,,X,,,,,Senior U.S. Senator for Texas (2002).,
7/27/2014,Henry Cuellar,Democrat,Texas,Latino,M,,X,,,,,,X,,,,,U.S. rep for Texas's 28th district (2005). ,
7/27/2014,Robert Reich,Democrat,,White,M,,,,X,,,,X,,,,,Former U.S. Secretary of Labor (1993-1997).,
7/27/2014,Tom Cole ,Republican,Oklahoma,Native American,M,X,,,,,,,X,,,,,U.S. Rep for Oklahoma's 4th district (2003). ,
7/27/2014,Steve Scalise,Republican,Louisiana ,White,M,X,,,,,,X,,,,,,U.S. rep for Louisiana's 1st district (2008). ,
7/27/2014,Ron Prosor,,,Israeli,M,,,,X,,,X,,,,,,Israeli ambassador to the UN (2011).,
7/27/2014,Hanan Ashrawi,,,Palestinian,F,,,,X,,,X,,,,,,Palestinian activist.,
7/27/2014,Mohammad Shtayyeh,,,Palestinian,M,,,,X,,,,,,,X,,"Minister, Palestinian Economic Council (1996).",
7/27/2014,Ben Rhodes,,,White,M,,,X,,,,,,,,X,,Deputy National Security Advisor to the Obama Administration. ,
7/27/2014,Nancy Pelosi,Democrat,California,White,F,X,,,,,,,,,,X,,U.S. rep for California's 12th district (2013) and House Minority Leader (2011). ,
7/27/2014,Lindsey Graham,Republican,South Carolina,White,M,,X,,,,,,,,,X,,Senior U.S. senator from South Carolina. (2003),
7/27/2014,Chris Murphy,Democrat,Connecticut,White,M,,X,,,,,,,,,X,,Junior U.S. Senator for Connecticut (2013).,
7/27/2014,Stephen Hadley,,,White,M,,,,X,,,,,,,X,,Former U.S. National Security Advisor (2005-2009).,
7/27/2014,Henry Cisneros,Democrat,Texas,Latino,M,,,,X,,,,,,,,X,Former Housing and Urban Development Secretary (1993-1997).,
8/3/2014,Robert Menendez,Democrat,New Jersey,Latino,M,,X,,,,,,,X,,,,Senior U.S. Senator from NJ (2006) and Chairman of the Senate Foreign Relations Committee (2013).,
8/3/2014,John Thune,Republican,South Dakota,White,M,,X,,,,,,,X,,,,Junior U.S. Senator from South Dakota (2005).,
8/3/2014,Keith Ellison,Democrat,Minnesota,Black,M,,X,,,,,,,X,,,,U.S. rep for Minnesota's 5th district (2007),
8/3/2014,Riyad Mansour,,,Palestinian,M,,,,X,,,,,X,,,,Palestinian ambassador to the United Nations (2005). ,
8/3/2014,Tom Frieden,Democrat,,White,M,,,X,,,,X,X,X,,,,Director of the Centers for Disease Control and Prevention (2009).  ,
8/3/2014,Valerie Jarrett,Democrat,Illinois,Black,F,,,X,,,,,,,X,,,White House Senior Advisor (2009).,
8/3/2014,Michael Bloomberg,Democrat,New York,White,M,,,,,,X,,,,X,,,Former New York City Mayor (2002-2013),
8/3/2014,Saxby Chambliss,Republican,Georgia,White,M,,X,,,,,,,,X,,,Senior U.S. Senator from Georgia (2003).,
8/3/2014,Dan Pfeiffer,Democrat,,White,M,,,X,,,,,X,,,,,White House Senior Advisor (2013).,
8/3/2014,Tim Scott,Republican,South Carolina,Black,M,,X,,,,,,X,,,,,Junior U.S. Senator for South Carolina (2013).,
8/3/2014,Joaquin Castro,Democrat,Texas,Latino,M,X,,,,,,,X,,,,,U.S. rep for Texas's 20th district. (2013),
8/3/2014,Marco Rubio,Republican,Florida,Latino,M,,X,,,,,X,,,,,,Junior U.S. Senator from Florida (2011),
8/3/2014,Steve King,Republican,Iowa,White,M,X,,,,,,X,,,,,,U.S. rep for Iowa's 4th district (2003),
8/3/2014,Hakeem Jeffries,Democrat,New York,Black,M,X,,,,,,X,,,,,,U.S. rep for New York's 8th district (2013),
8/3/2014,Rick Perry,Republican,Texas,White,M,,,X,,,,,,,,X,,Texas Governor (2000),
8/3/2014,Mike Rogers ,Republican,Michigan,White,M,X,,,,,,,,,,X,,U.S. rep for Michigan's 8th district and chairman of the permanent select committee on intelligence. ,
8/3/2014,Carl Bernstein,,,White,M,,,,,X,,,,,,X,,Journalist.,
8/3/2014,Dan Rather,,,White,M,,,,,X,,,,,,X,,Former CBS Evening News Anchor.,
8/3/2014,Hillary Clinton,Democrat,New York,White,F,,,,,,X,,,,,,X,Former Secretary of State (2009-2013),
8/3/2014,Cecilia Munoz,Democrat,,Latino,F,,,X,,,,,,,,,X,Director of the White House Domestic Policy Council. (2012),
8/3/2014,Otto Reich,,,White,M,,,,,,X,,,,,,X,Former U.S. ambassador to Venezuela (1986-1989).,
8/10/2014,Dick Durbin,Democrat,Illinois,White,M,,X,,,,,,,X,,,,Senior U.S. senator from Illinois (1997) and Senate Majority Whip (2007). ,
8/10/2014,Peter King,Republican,New York,White,M,X,,,,,,,,X,,,,U.S. rep for New York's 2nd congresional district (1999).,
8/10/2014,Donna Edwards,Democrat,Maryland,Black,F,X,,,,,,,,X,,,,U.S. rep for Maryland's 4th district. (2008),
8/10/2014,Jack Reed,Democrat,Rhode Island,White,M,,X,,,,,,,,X,,,Senior U.S. Senator from Rhode Island (1997).,
8/10/2014,James Jeffrey ,,,White,M,,,,,,X,,,,X,,,Former U.S. ambassador to Iraq. (2010-2012),
8/10/2014,Bob Woodward,,,White,M,,,,,X,,,,,X,,,Watergate reporter.,
8/10/2014,Carl Bernstein,,,White,M,,,,,X,,,,,X,,,Watergate reporter.,
8/10/2014,Carter Ham,,,White,M,,,,,,X,,X,,,,,Retired U.S. Army General. ,
8/10/2014,Lindsey Graham,Republican,South Carolina,White,M,,X,,,,,X,,,,,,Senior U.S. senator from South Carolina. (2003),
8/10/2014,Ben Cardin,Democrat,Maryland,White,M,,X,,,,,X,,,,,,Junior U.S. Senator from Maryland. (2007),
8/10/2014,Chris Coons,Democrat,Delaware,White,M,,X,,,,,X,,,,,,Junior U.S. Senator from Delaware. (2010),
8/10/2014,John Engler ,Republican,Michigan,White,M,,,,,,X,X,,,,,,Former Michigan Governor (1991-2003) and President of the Business Roundtable. ,
8/10/2014,John McCain ,Republican,Arizona,White,M,,X,,,,,,,,,X,,Senior U.S. senator from Arizona (1987),
8/10/2014,James Jones,Democrat,,White,M,,,,,,X,,,,,X,,Former National Security Advisor to the Obama administration. (2009-10),
8/10/2014,Zalmay Khalilzad,Republican,,Islamic,M,,,,,,X,,,,,X,,Former U.S. ambassador to Iraq. (2005-2007),
8/10/2014,Rand Paul ,Republican,Kentucky,White,M,,X,,,,,,,,,,X,Junior U.S. Senator from Kentucky (2011),
8/10/2014,John Brennan,,,White,M,,,,X,,,,,,,,X,CIA Director (2013),
8/17/2014,Jay Nixon,Democrat,Missouri,White,M,,,,X,,,,,X,,X,,Missouri Governor (2009-Present),
8/17/2014,John Lewis,Democrat,Georgia,Black,M,X,,,,,,,,X,,,,U.S. rep for Georgia's 5th district. (1987-Present),
8/17/2014,Mike Turner,Republican,Ohio,White,M,X,,,,,,,,X,,,,U.S. rep for Ohio's 10th district. (2003-Present),
8/17/2014,Stephanie Rawlings-Blake,Democrat,Maryland,Black,F,,,,X,,,,,X,,,,Mayor of Baltimore (2010-Present),
8/17/2014,Cornell William Brooks,,,Black,M,,,,,,X,,,,X,,,NAACP President (2014-Present),
8/17/2014,Mike Rogers ,Republican,Michigan,White,M,X,,,,,,,,,X,,,U.S. rep for Michigan's 8th district (2001-Present),
8/17/2014,Adam Kinzinger,Republican,Illinois,White,M,X,,,,,,,X,,,,,U.S. rep for Illinois's 16th district. (2011-Present),
8/17/2014,Tulsi Gabbard,Democrat,Hawaii,White,F,X,,,,,,,X,,,,,U.S. rep for Hawaii's 2nd district. (2013-Present),
8/17/2014,Rick Perry,Republican,Texas,White,M,,,,X,,,X,,,,,,Governor of Texas (2000-Present),
8/17/2014,Ron Johnson,Republican,Wisconsin ,White,M,,X,,,,,X,,,,,,Senior U.S. Senator for Wisconsin (2011-Present),
8/17/2014,Eliot Engel,Democrat,New York,White,M,X,,,,,,X,,,,,,U.S. rep for NY's 16th district. (1993-Present),
8/17/2014,Lacy Clay,Democrat,Missouri,Black,M,X,,,,,,,,,,X,,U.S. rep for Missouri's 1st district (2001-Present),
8/17/2014,Peter King,Republican,New York,White,M,X,,,,,,,,,,X,,U.S. rep for NY's 2nd district (1993-Present),
8/17/2014,Dick Durbin,Democrat,Illinois,White,M,,X,,,,,,,,,,X,Senior U.S. Senator from Illinois (1997-Present),
8/17/2014,Ileana Ros-Lehtinen,Republican,Florida,Latina,F,X,,,,,,,,,,,X,U.S. rep for Florida's 27th district (1989-Present),
8/17/2014,Jorge Castaneda,,,Mexican,M,,,,X,,,,,,,,X,Former Mexican Foreign Affairs Secretary (2000-2003),
9/7/2014,President Barack Obama,Democrat,United States,Black,M,,,,X,,,,,X,,,,President of the United States (2009 - Present),
9/7/2014,Marco Rubio,Republican,Florida,Hispanic,M,,X,,,,,,,,X,,,Junior U.S. Senator from Florida (2009),
9/7/2014,Dutch Ruppersberger,Democrat,Maryland,White,M,X,,,,,,,,,X,,,"U.S. rep for Maryand's 2nd congressional district, ranking member of the House Intelligence Committee",
9/7/2014,Henry Kissinger,Republican,,White ,M,,,,,,,,,,X,,,Former Secretary of State,
9/7/2014,Ted Cruz,Republican,Texas,White,M,,X,,,,,,X,,,,,U.S. Senator from Texas ,
9/7/2014,Peter King,Republican,New York,White,M,X,,,,,,,X,,,,,U.S. rep for New York's 2nd congressional district,
9/7/2014,Adam Smith,Democrat,Washington,White ,M,X,,,,,,,X,,,,,"U.S. rep for Washington's 9th congressional district, ranking member House Armed Services Committee",
9/7/2014,Mitt Romney,Republican,Masschusetts,White,M,,,,X,,,X,,,,,,"Former Gov. of Massachusetts, Former Presidential Republican Candidate (2012)",
9/7/2014,Robert Menendez,Democrat,New Jersey,White ,M,,X,,,,,X,,,,,,"U.S. Senator from New Jersey, Senate Foreign Relations Committee",
9/7/2014,Mike McCaul,Republican,Texas,White,M,X,,,,,,X,,,,,,"U.S. rep for Texas representing the 10th congressional district, chairman of House Homeland Security Committee",
9/7/2014,Dianne Feinstein,Democrat,California,White,F,X,,,,,,,,,,X,,"U.S. Senator from California, chairwoman of Senate Intelligence Committee",
9/7/2014,Mike Rogers ,Republican,Michigan,White,M,X,,,,,,,,,,X,,"U.S. rep for Michigan's 8th congressional district, chairman of House Intelligence Committee",
9/7/2014,Michael Nutter,Democrat,Pennsylvania,Black,M,,,,,,X,,,,,X,,"Mayor of Philadelphia, Pennsylvania (98th mayor of Philadelphia, third African-American in Philadelphia to hold position)",
9/7/2014,Marty Walsh,Democrat,Masschusetts,White,M,,,,,,X,,,,,X,,"Mayor of Boston, Masschusetts (54th mayor of Boston, 2014-Present)",
9/7/2014,Kevin Faulconer,Republican,California,White,M,,,,,,X,,,,,X,,"Mayor of San Diego, California (2014- Present)",
9/14/2014,Denis McDonough,Democrat,,White,M,,,,X,,,,,X,,,,White House chief of staff,
9/14/2014,James Baker,Republican,,White ,M,,,,,,,,,X,,,,Former Secretary of State,
9/14/2014,Bernie Sanders,Independent,Vermont,White,M,,X,,,,,,,X,,,,U.S. Senator from Vermont,
9/14/2014,John Kerry ,Democrat,Massachusetts,White ,M,,,,X,,,,,,X,,,Face the Nation,
9/14/2014,Mike McCaul,Republican,Texas,White ,M,X,,,,,,,,,X,,,"U.S. Rep for Texas representing the 10th congressional district, chairman of House Homeland Security Committee",
9/14/2014,Senator Kirsten Gillibrand,Democrat,New York,White ,F,,X,,,,,,,,X,,,U.S. Senator from New York,
9/14/2014,Denis McDonough,Democrat,,White ,M,,,,X,,,,X,,,,,White House chief of staff ,
9/14/2014,Tom Harkin,Democrat,Iowa,White,M,,X,,,,,,X,,,,,"U.S. Senator for Iowa, Chairman of Senate Health, Education, Labor, and Pensions Committee",
9/14/2014,Denis McDonough,Democrat,,White,M,,,,X,,,X,,,,,,White House chief of staff,
9/14/2014,Lindsey Graham,Republican,South Carolina,White,M,,X,,,,,X,,,,,,U.S. Senator from South Carolina ,
9/14/2014,Jack Reed,Democrat,Rhode Island,White ,M,,X,,,,,X,,,,,,U.S. Senator Rhode Island,
9/14/2014,Gen. Michael Hayden,,,White ,M,,,,X,,,X,,,,,,Former CIA and NSA Director,
9/14/2014,Denis McDonough,Democrat,,White ,M,,,,X,,,,,,,X,,White House chief of staff,
9/14/2014,Tom Harkin,Democrat,Iowa,White ,M,,X,,,,,,,,,X,,"U.S. Senator from Iowa, Chairman of Senate Health, Education, Labor, and Pensions Committee",
9/14/2014,Amy Klobuchar,Democrat,Minnesota,White ,F,,X,,,,,,,,,X,,U.S. Senator from Minnesota,
9/14/2014,John Conyers,Democrat,Michigan ,Black,M,X,,,,,,,,,,X,,U.S. Rep from Michigan representing the 13th district,
9/14/2014,Jay Carney,Democrat,,White ,M,,,,X,,,,,,,X,,Former White House Press Secretary,
9/21/2014,Ron Johnson,Republican,Wisconsin,White,M,X,,,,,,,,,X,,,Senior U.S. Senator for Wisconsin,
9/21/2014,Chris Murphy,Democrat,Connecticut,White,M,X,,,,,,,,,X,,,Junior U.S. Senator for Connecticut ,
9/21/2014,Grover Norquist,,,White ,M,,,,,,X,,,,X,,,"President, Americans for Tax Reform",
9/21/2014,Michael Mullen,,,White,M,,,,,,X,,,,X,,,"Adm. Michael Mullen, retired, former Joint Chiefs of Staff Chairman",
9/21/2014,Michael Leiter,,,White,M,,,,X,,,,,,,,,Former National Counterterrorism Center Director,
9/21/2014,Samantha Power,,,White,F,,,,X,,,,,X,,,,U.S. Ambassador to the United Nations,
9/21/2014,Dianne Feinstein,Democrat,California,White ,F,,X,,,,,,,X,,,,"U.S. Senator for California, Chairwoman of the Sentate Intelligence Committee ",
9/21/2014,Mike Rogers ,Republican,Michigan,White ,M,X,,,,,,,,X,,,,"U.S. Rep for Michigan's 8th district, chairman of the House Intelligence Committee",
9/21/2014,Joe Lieberman,Independent,Connecticut,White,M,,X,,,,,,,X,,,,Former U.S. Senator for Connecticut ,
9/21/2014,Jane Harman,Democrat,California,White,F,X,,,,,,,,X,,,,"Former U.S. Rep for California's 36th district, Director, President and CEO of the Wilson Center",
9/21/2014,Michael Morrell,,,White,M,,,,,,X,,,X,,,,Former Deputy CIA Director,
9/21/2014,Samantha Power,,,White,F,,,,X,,,,X,,,,,U.S. Ambassador to the United Nations,
9/21/2014,Robert Gates,Republican,,White,M,,,,X,,,,X,,,,,Former U.S. Secretary of Defense (2006-2011,
9/21/2014,James Carville,Democrat,,White ,F,,,,,,X,,X,,,,,Poltical Commentator / Democratic Strategist ,
9/21/2014,Ana Navarro,Republican,,Hispanic,F,,,,,,X,,X,,,,,Poltical Commentator / Republican Strategist ,
9/21/2014,Bret Stephens,,,White,M,,,,,,X,,X,,,,,WSJ Journalist (foreign affairs),
9/21/2014,Katrina Vanden Heuvel,,,White,F,,,,,,X,,X,,,,,"Editor of The Nation, publisher",
9/21/2014,Peter King,Republican,New York,White,M,X,,,,,,X,,,,,,U.S. Rep for New York 2nd district,
9/21/2014,Adam Schiff,Democrat,California,White,M,X,,,,,,X,,,,,,U.S. Rep for California's 28th district,
9/21/2014,Karl Rove,Republican,,White ,M,,,,,,X,X,,,,,,Republican strategist,
9/21/2014,Joe Trippi,Democrat,,White ,M,,,,,,X,X,,,,,,Democratic strategist ,
9/21/2014,Tony Blair,,,White ,M,,,,X,,,,,,,X,,Former British Prime Minister,
9/21/2014,Shannon Sharpe,,,Black,M,,,,,,X,,,,,X,,Football Hall of Famer and former CBS commentator ,
9/21/2014,Izell Reese,,,Black,M,,,,,,X,,,,,X,,Former NFL Player and youth mentor,
9/21/2014,Christine Brennan,,,White ,F,,,,,,X,,,,,X,,USA Today sports columnist ,
9/21/2014,Newt Gingrich,Republican,,White ,M,,,,X,,,,,,,X,,Former U.S. Rep for Georgia's 6th district,
9/21/2014,Donna Brazile,Democrat,,Black,F,,,,,,X,,,,,X,,Poltical Analyst ,
9/21/2014,Marc Lamont Hill,,,Black ,M,,,,,,X,,,,,X,,"Poltical Commentatior, host of HuffPost Live",
9/21/2014,Tara Wall,,,Black,F,,,,,,X,,,,,X,,"Political Commentator, media strategist",
9/28/2014,Tony Blinken,Democrat,,White,M,,,,,,,,,X,,,,Deputy National Security Adviser,
9/28/2014,Tim Kaine,Democrat,Virginia,White ,M,,X,,,,,,,X,,,,U.S. Senator for Virginia,
9/28/2014,Michael Morrell,,,White,M,,,,X,,,,,X,,,,Former Deputy CIA Director ,
9/28/2014,Carter Ham,,,White,H,,,,X,,,,,X,,,,Retired Gen. Carter Ham,
9/28/2014,John Boehner,Republican,Ohio,White ,M,X,,,,,,,X,,,,,"U.S. Representative for Ohio congressional district, House Speaker",
9/28/2014,Keith Ellison,Democrat,Minnesota,Black,M,X,,,,,,,X,,,,,U.S. Representative for Minnesota congressional district,
9/28/2014,John Miller,,,White ,M,,,,X,,,,X,,,,,"Vice Adm., Commander, U.S. Navy's 5th Fleet",
9/28/2014,Tony Blinken,Democrat,,White,M,,,,X,,,X,,,,,,Deputy National Security Adviser ,
9/28/2014,John Barrasso,Republican,Wyoming,White,M,,X,,,,,X,,,,,,U.S. Senator for Wyoming,
9/28/2014,Angus King,Independent ,Maine,White,M,,,X,,,,X,,,,,,U.S. Senator for Maine,
9/28/2014,Tony Blinken,Democrat,,White ,M,,,,X,,,,,,,X,,Deputy National Security Advisor,
9/28/2014,Chris Murphy,Democrat,Connecticut ,White,M,,X,,,,,,,,,X,,U.S. Senator for Connecticut,
9/28/2014,Richard Myers,,,White ,M,,,,X,,,,,,,X,,Former Joint Chiefs of staff Chairman retired Gen. Richard Myers,
10/5/2014,Dan Pfeiffer,Democrat,,White,M,,,X,,,,,,,X,,,White House Senior Adviser,
10/5/2014,Reince Priebus,Republican,,White ,M,,,,X,,,,,,X,,,"Chairman, Republican National Committee",
10/5/2014,Jim Webb,Democrat,Virginia,White,M,,X,,,,,,,,X,,,Former Senator Jim Webb,
10/5/2014,David Axelrod,Democrat,,White,M,,,,X,,,,,,X,,,Former White House Adviser,
10/5/2014,Benjamin Netanyahu,,,,M,,,,X,,,,,X,,,,Israeli Prime Minister (2009-Present),
10/5/2014,Kevin McCarthy,Republican,California,White ,M,X,,,,,,,,X,,,,"U.S. Representative for California congressional district, House Majority Leader",
10/5/2014,Elijah Cummings,Democrat,Maryland,Black,M,X,,,,,,,,X,,,,"U.S. Representative for Maryland congressional district, ranking member, House Oversight and Government Reform Committee",
10/5/2014,Anthony Fauci,Democrat,,White,M,,,,X,,,,,X,,,,"National Institute of Allergy and Infectious Diseases, Director",
10/5/2014,Thomas Frieden,,,White,M,,,,X,,,,X,,,,,Centers for Disease Control and Prevention,
10/5/2014,Jack Lew,,,White,M,,,X,,,,,X,,,,,Treasury Secretary Jack Lew,
10/5/2014,Anthony Fauci,Democrat,,White,M,,,,X,,,X,,,,,,"National Institute of Allergy and Infectious Diseases, Director",
10/5/2014,Kelly Ayotte,Republican ,New Hampshire,White ,F,,X,,,,,X,,,,,,U.S. Senator for New Hampshire,
10/5/2014,Thomas Frieden,,,White,M,,,,X,,,,,,,X,,Centers for Disease Control and Prevention,
10/5/2014,Lindsey Graham,Republican,South Carolina,White,M,,X,,,,,,,,,X,,U.S. Senator for South Carolina,
10/5/2014,Bill Daley,Democrat,,White ,M,,,,X,,,,,,,X,,Former White House Chief of Staff for President Obama,
10/5/2014,Andrew Card,Republican,,White,M,,,,X,,,,,,,X,,Former White House Chief of Staff for President George W. Bush,
10/5/2014,Mark McLarty,Democrat,,White,M,,,,X,,,,,,,X,,Former White  House Chief of Staff for President Bill Clinton,
10/5/2014,Ken Duberstein,Republican,,White,M,,,,X,,,,,,,X,,Former White House Chief of Staff for President Ronald Reagan,
10/12/2014,Susan Rice,Democrat,,Black,F,,,,X,,,,,,X,,,National Security Adviser ,
10/12/2014,Henry Kissinger,Republican,,White,M,,,,X,,,,,,X,,,Former Secretary of State ,
10/12/2014,James Baker,Republican,,White,M,,,,X,,,,,,X,,,Former Secretary of State,
10/12/2014,Robert Gibbs,,,White,M,,,,X,,,,,,X,,,Former White House Press Secretary,
10/12/2014,Thomas Frieden,,,White,M,,,,,,X,,,X,,,,"Director, Center for Disease Control and Prevention",
10/12/2014,Mike McCaul,Republican,Texas,White ,M,X,,,,,,,,X,,,,"U.S. Representative for Texas, Chairman of House Homeland Security Committee",
10/12/2014,Leon Panetta,,,White ,M,,,,X,,,,,X,,,,Former Defense Secretary and CIA Director ,
10/12/2014,Martin Dempsey,,,White,M,,,,X,,,,X,,,,,"Chairman, Joint Chiefs of Staff",
10/12/2014,Mike Rogers ,Republican,Michigan,White ,M,X,,,,,,,X,,,,,"Chairman, House Intelligence Committee",
10/12/2014,Anthony Fauci,Democrat,,White,M,,,,X,,,,X,,,,,"Director, National Institute of Allergy and Infectious Diseases ",
10/12/2014,Julian Castro,Democrat,Texas,Hispanic,M,,,,X,,,,X,,,,,"Secretary, Housing and Urban Development ",
10/12/2014,Ted Olson,,,White,M,,,,X,,,X,,,,,,Former U.S. Solicitor General,
10/12/2014,Tony Perkins,,,White ,M,,,,,,X,X,,,,,,"President, Family Research Council ",
10/12/2014,Karl Rove,Republican,,White ,M,,,,X,,,X,,,,,,Republican strategist,
10/12/2014,Joe Trippi,Democrat,,White ,M,,,,X,,,X,,,,,,Democratic strategist ,
10/12/2014,John McCain ,Republican,Arizona,White,M,,X,,,,,,,,,X,,U.S. Senator for Arizona ,
10/12/2014,Bernie Sanders,Independent,Vermont,White ,M,,X,,,,,,,,,X,,U.S. Senator for Vermont,
10/12/2014,Reince Priebus,Republican,,White,M,,,,X,,,,,,,X,,"Chairman, Republican National Committee",
10/12/2014,Debbie Wasserman,Democrat,Florida,White ,F,X,,,,,,,,,,X,,"U.S. Representative for Florida, Chairwoman of the Democratic National Committee",
10/12/2014,Newt Gingrich,Republican,Georgia,White ,M,,,,X,,X,,,,,,,Former House Speaker for Republican Party,
10/19/2014,Anthony Fauci,Democrat,,White,M,,,,,,X,,,,X,,,"Director, National Institute of Allergy and Infectious Diseases ",
10/19/2014,Bob Casey,Democrat,Pennsylvania,White,M,,X,,,,,,,,X,,,U.S. Senator for Pennsylvania ,
10/19/2014,Roy Blunt,Republican,Missouri,White,M,,X,,,,,,,,X,,,U.S. Senator for Missouri,
10/19/2014,Anthony Fauci,Democrat,,White ,M,,,,,,X,,,X,,,,"Director, National Institute of Allergy and Infectious Diseases ",
10/19/2014,Richard Umbdenstock,,,White,M,,,,,,X,,,X,,,,"President, CEO, American Hospital Association",
10/19/2014,Robert Wah,,,White,M,,,,,,X,,,X,,,,American Medical Association,
10/19/2014,Jean Ross,,,White,F,,,,,,X,,,X,,,,"Co- President, National Nurses United",
10/19/2014,Anthony Fauci,Democrat,,White,M,,,,,,X,,X,,,,,"Director, National Institute of Allergy and Infectious Diseases ",
10/19/2014,Clay Jenkins,Democrat,Texas,White,M,,,,,,X,,X,,,,,Dallas County Judge,
10/19/2014,Timothy Dolan,,,White,M,,,,,,X,,X,,,,,"New York Archbishop, Cardinal",
10/19/2014,Anthony Fauci,Democrat,,White,M,,,,,,X,X,,,,,,"Director, National Institute of Allergy and Infectious Diseases ",
10/19/2014,Reince Priebus,Republican,,White,M,,,,X,,,X,,,,,,"Chairman, National Republican Committee",
10/19/2014,Debbie Wasserman- Schultz,Democrat,Florida,White,F,X,,,,,,X,,,,,,"U.S. Representative for Florida, Chairwoman of the Democratic National Committee",
10/19/2014,Tim Murphy,Republican,Pennsylvania ,White ,M,X,,,,,,X,,,,,,U.S. Representative for Pennsylvania,
10/19/2014,Anthony Fauci,Democrat,,White,M,,,,,,X,,,,,X,,"Director, National Institute of Allergy and Infectious Diseases ",
10/19/2014,Ted Cruz,Republican,Texas,White,M,,X,,,,,,,,,X,,U.S. Senator for Texas,
10/26/2014,Chuck Schumer,Democrat,New York,White ,M,X,,,,,,,,,X,,,"U.S. Senator for New York, Chairman of the Senate Rules and Administration Committee",
10/26/2014,Rob Portman ,Republican,Ohio,White ,M,X,,,,,,,,,X,,,U.S. Senator for Ohio,
10/26/2014,Anthony Fauci,Democrat,,White,M,,,,,,X,,,X,,,,"Director, National Institute of Allergy and Infectious Diseases ",
10/26/2014,Joe Manchin,Democrat,West Virginia,White ,M,X,,,,,,,,X,,,,U.S. Senator for West Virginia,
10/26/2014,Mike Rogers ,Republican,Michigan,White,M,,X,,,,,,,X,,,,"U.S. Representative for  Michigan, Chairman of the House Intelligence Committee",
10/26/2014,Anthony Fauci,Democrat,,White,M,,,,,,X,,,X,,,,"Director, National Institute of Allergy and Infectious Diseases ",
10/26/2014,Mike McCaul,Republican,Texas,White,M,,X,,,,,,X,,,,,"U.S. Representative for Texas, Chairman of House Homeland Security Committee",
10/26/2014,Adam Kinzinger,Republican,Illonios ,White,M,,X,,,,,,X,,,,,U.S. Represenative for Illonios,
10/26/2014,George P. Bush,Republican,Texas,White,M,,,,X,,,,X,,,,,Republican candidate for Texas land commissioner,
10/26/2014,Bill Richardson,Democrat,New Mexico,Hispanic,M,,,,X,,,,X,,,,,Former Governor of New Mexico,
10/26/2014,Anthony Fauci,Democrat,,White,M,,,,,,X,X,,,,,,"Director, National Institute of Allergy and Infectious Diseases ",
10/26/2014,Chris Christie ,Republican,New Jersey,White ,M,,,,X,,,X,,,,,,"Governor of New Jersey, Chairman of the Republican Governors Association",
10/26/2014,Dianne Feinstein,Democrat,California,White,F,X,,,,,,,,,,X,,"U.S. Senator for California, Chairwoman of the Sentate Intelligence Committee ",
10/26/2014,Darrell Issa,Republican,Calfornia,White ,M,,X,,,,,,,,,X,,"U.S. Represenative for California, Chairman of House Oversight and Government Reform Committee",
10/26/2014,Reince Priebus,Republican,,White ,M,,,,X,,,,,,,X,,"Chairman, Republican National Committee",
10/26/2014,Debbie Wasserman Schultz,Democrat,Florida,White,F,X,,,,,,,,,,X,,"U.S. Represenative for Florida, Chairwoman of the Democratic National Committee",
10/26/2014,Newt Gingrich,Republican,Georgia,White,M,,,,X,,,,,,,X,,Former House Speaker for Republican Party,
11/2/2014,Rand Paul ,Republican,Kentucky,White,M,X,,,,,,,,,X,,,U.S. Senator for Kentucky,
11/2/2014,Rand Paul ,Republican,Kentucky,White,M,X,,,,,,,,X,,,,U.S. Senator for Kentucky,
11/2/2014,Amy Klobuchar,Democrat,Minnesota,White,F,X,,,,,,,,X,,,,U.S. Senator for Minnesota,
11/2/2014,Samantha Power,,,White,F,,,,X,,,,,X,,,,U.S. Ambassador to the United Nations,
11/2/2014,Reince Priebus,Republican,,White,M,,,,X,,,,X,,,,,"Chairman, Republican National Committee",
11/2/2014,Debbie Wasserman Schultz,Democrat,Florida,White,F,,X,,,,,,X,,,,,"U.S. Representative for Florida, Chairwoman of the Democratic National Committee",
11/2/2014,Mitt Romney,Republican,Utah,White,M,,,,X,,,X,,,,,,Former Massachsetts Governor,
11/2/2014,Ben Cardin,Democrat,Maryland,White,M,X,,,,,,X,,,,,,U.S. Senator for Maryland,
11/2/2014,Karl Rove,Republican,,White ,M,,,,,,X,X,,,,,,Republican Strategist,
11/2/2014,Joe Trippi,Democrat,,White,M,,,,,,X,X,,,,,,Democratic strategist ,
11/2/2014,Rand Paul ,Republican,Kentucky,White,M,X,,,,,,,,,,X,,U.S. Senator for Kentucky,
11/2/2014,James Baker,,,White ,M,,,,X,,,,,,,X,,Former Secretary of State,
11/2/2014,Haley Barbour,Republican,Mississippi,White ,M,,,,X,,,,,,,X,,Former Governor of Mississippi,
11/9/2014,Scott Walker,Republican,Wisconsin,White,M,,,,X,,,,,,X,,,Governor of Wisconsin,
11/9/2014,Gwen Graham,Democrat,Florida,White,F,,X,,,,,,,,X,,,U.S. Represenative- elect for Florida,
11/9/2014,Mike Rounds,Republican,South Dakota,White,M,X,,,,,,,,,X,,,U.S. Senator-elect for South Dakota,
11/9/2014,Eric Cantor,Republican,Virginia,White,M,,X,,,,,,,,X,,,Former House Majority Leader,
11/9/2014,Howard Schultz,,,White,M,,,,,,X,,,,X,,,"CEO, Starbucks",
11/9/2014,President Barack Obama,Democrat,,Black,M,,,,X,,,,,X,,,,President of the United States (2008 - Present),
11/9/2014,George Bush,Republcan,,White,M,,,,X,,,,,X,,,,Former President of the United States (2001- 2008),
11/9/2014,John Barrasso,Republican,Wyoming,White,M,X,,,,,,X,,,,,,"U.S. Senator for Wyoming, Chairman of Senate Republican Policy Committee",
11/9/2014,Xavier Becerra,Democrat,California,Hispanic,M,,X,,,,,X,,,,,,"U.S. Representative for California, Chairman of House Democratic Caucus",
11/9/2014,Shelley Moore Capito,Republican,West Virginia,White,F,X,,,,,,X,,,,,,U.S. Senator- elect for West Virginia,
11/9/2014,Cory Cardner,Republican,Colorado,White ,M,X,,,,,,X,,,,,,U.S. Senator- elect for Colorado,
11/9/2014,John Thune,Republican,South Dakota,White ,M,,X,,,,,,,,,X,,U.S. Senator for South Dakota,
11/9/2014,Bob Casey,Democrat,Pennsylvania,White,M,X,,,,,,,,,,X,,U.S. Senator for Pennsylvania ,
11/9/2014,Chris Coons,Democrat,Delware,White ,M,X,,,,,,,,,,X,,U.S. Senator for Delaware,
11/9/2014,Steve Israel,Democrat,New York,White,M,,X,,,,,,,,,X,,"U.S. Representative for New York, Chairman of House Democratic Congressional Campaign Committee",
11/9/2014,Michele Bachman,Republican,Minnesota,White,F,,X,,,,,,,,,X,,U.S. Representative for Minnesota congressional district,
11/9/2014,Ruben Gallego,Democrat,Arizona,Hispanic,M,,X,,,,,,,,,X,,U.S. Representative-elect for Arizona,
11/9/2014,Carlos Curbelo,Republican,Florida,Hispanic,M,,X,,,,,,,,,X,,U.S. Representative- elect for Florida,
11/9/2014,Brendan Boyle,Democrat,Pennsylvania,White,M,,X,,,,,,,,,X,,U.S. Representative- elect for Pennsylvania,
11/9/2014,Lee Zeldin,Republican,New York,White,M,,X,,,,,,,,,X,,U.S. Represenatative- elect for New York,
11/16/2014,Bobby Jindal,Republican,Louisiana,Indian,M,,,,X,,,,,,X,,,Louisiana Governor,
11/16/2014,Sylvia Matthews Burwell,Democrat,,White,F ,,,X,,,,,,,X,,,HHS Secretary,
11/16/2014,Carly Fiorina,Republican,California,White,F,,,,X,,,,,,X,,,former Hewlett-Packard CEO,
11/16/2014,Reid Wilson,,,White,M,,,,,X,,,,,X,,,The Washington Post,
11/16/2014,Helene Cooper,,,Black,F,,,,,X,,,,,X,,,The New York Times,
11/16/2014,Chris Matthews,,,White,M,,,,,X,,,,,X,,,MSNBC,
11/16/2014,Neera Tanden,Democrat,,Other,F,,,,X,,,,,,X,,,Center for American Progress president,
11/16/2014,Avik Roy,,,,M,,,,X,,,,,,X,,,Forbes opinion editor,
11/16/2014,Toby Cosgrove,,,,M,,,,,,X,,,,X,,,Cleveland Clinic president,
11/16/2014,,,,,,,,,,,,,,,,,,,
11/16/2014,,,,,,,,,,,,,,,,,,,
11/16/2014,,,,,,,,,,,,,,,,,,,
11/16/2014,,,,,,,,,,,,,,,,,,,
11/16/2014,,,,,,,,,,,,,,,,,,,
11/16/2014,,,,,,,,,,,,,,,,,,,
11/16/2014,,,,,,,,,,,,,,,,,,,
11/16/2014,,,,,,,,,,,,,,,,,,,